LE ID;Project / Contract;GET-ID;BBS-Markup in %;Site Area;Site-Name;BBS-Department;Charging information;Region;Created By;Modified By;Item Type;Path
0210;WebAS, TWM%ZA-0210-BHC%02, Intranet;;;Intranet;various;WebCM;TWM#ZA-0210-BHC#02;EMEA (ohne DE);Marcel Knoll;Marcel Knoll;Element;sites/000185/WebAgency/Lists/BBS Contracts
0210;WebAS, TWM%ZA-0210-BHC%01, Internet;10064724;;Internet;various;WebCM;TWM#ZA-0210-BHC#01;EMEA (ohne DE);Marcel Knoll;Marcel Knoll;Element;sites/000185/WebAgency/Lists/BBS Contracts
1346;WebAS, TWM%VN-1346-ROS-BAYER-VIETNAM-LTD%02, Intranet;;;Intranet;various;WebCM;TWM#VN-1346-ROS-BAYER-VIETNAM-LTD#02;EMEA (ohne DE);Marcel Knoll;Marcel Knoll;Element;sites/000185/WebAgency/Lists/BBS Contracts
1346;WebAS, TWM%VN-1346-ROS-BAYER-VIETNAM-LTD%01, Internet;10064726;;Internet;various;WebCM;TWM#VN-1346-ROS-BAYER-VIETNAM-LTD#01;EMEA (ohne DE);Marcel Knoll;Marcel Knoll;Element;sites/000185/WebAgency/Lists/BBS Contracts
0196;WebAS, TWM%VE-0196-BHC%02, Intranet;;;Intranet;various;WebCM;TWM#VE-0196-BHC#02;EMEA (ohne DE);Marcel Knoll;Marcel Knoll;Element;sites/000185/WebAgency/Lists/BBS Contracts
0196;WebAS, TWM%VE-0196-BHC%01, Internet;10064856;;Internet;various;WebCM;TWM#VE-0196-BHC#01;EMEA (ohne DE);Marcel Knoll;Marcel Knoll;Element;sites/000185/WebAgency/Lists/BBS Contracts
2083;WebAS, TWM%US-2083-BHC%02, Intranet;10064958;;Intranet;various;WebCM;TWM#US-2083-BHC#02;EMEA (ohne DE);Marcel Knoll;Marcel Knoll;Element;sites/000185/WebAgency/Lists/BBS Contracts
2083;WebAS, TWM%US-2083-BHC%01, Internet;10064764;;Internet;various;WebCM;TWM#US-2083-BHC#01;EMEA (ohne DE);Marcel Knoll;Marcel Knoll;Element;sites/000185/WebAgency/Lists/BBS Contracts
1371;WebAS, TWM%US-1371-ROS-BAYER-CORP%02, Intranet;;;Intranet;various;WebCM;TWM#US-1371-ROS-BAYER-CORP#02;EMEA (ohne DE);Marcel Knoll;Marcel Knoll;Element;sites/000185/WebAgency/Lists/BBS Contracts
1371;WebAS, TWM%US-1371-ROS-BAYER-CORP%01, Internet;10064854;;Internet;various;WebCM;TWM#US-1371-ROS-BAYER-CORP#01;EMEA (ohne DE);Marcel Knoll;Marcel Knoll;Element;sites/000185/WebAgency/Lists/BBS Contracts
0353;WebAS, TWM%US-0353-BHC-BAYER-HEALTHCARE-LLC%02, Intranet;10064954;;Intranet;various;WebCM;TWM#US-0353-BHC-BAYER-HEALTHCARE-LLC#02;EMEA (ohne DE);Marcel Knoll;Marcel Knoll;Element;sites/000185/WebAgency/Lists/BBS Contracts
0353;WebAS, TWM%US-0353-BHC-BAYER-HEALTHCARE-LLC%01, Internet;10064686;;Internet;various;WebCM;TWM#US-0353-BHC-BAYER-HEALTHCARE-LLC#01;EMEA (ohne DE);Marcel Knoll;Marcel Knoll;Element;sites/000185/WebAgency/Lists/BBS Contracts
1477;WebAS, TWM%UA-1477-BHC%02, Intranet;;;Intranet;various;WebCM;TWM#UA-1477-BHC#02;EMEA (ohne DE);Marcel Knoll;Marcel Knoll;Element;sites/000185/WebAgency/Lists/BBS Contracts
1477;WebAS, TWM%UA-1477-BHC%01, Internet;10064852;;Internet;various;WebCM;TWM#UA-1477-BHC#01;EMEA (ohne DE);Marcel Knoll;Marcel Knoll;Element;sites/000185/WebAgency/Lists/BBS Contracts
0673;WebAS, TWM%TW-0673-ROS-BAYER-TAIWAN-COMPANY-LTD%02, Intranet;;;Intranet;various;WebCM;TWM#TW-0673-ROS-BAYER-TAIWAN-COMPANY-LTD#02;EMEA (ohne DE);Marcel Knoll;Marcel Knoll;Element;sites/000185/WebAgency/Lists/BBS Contracts
0673;WebAS, TWM%TW-0673-ROS-BAYER-TAIWAN-COMPANY-LTD%01, Internet;10064850;;Internet;various;WebCM;TWM#TW-0673-ROS-BAYER-TAIWAN-COMPANY-LTD#01;EMEA (ohne DE);Marcel Knoll;Marcel Knoll;Element;sites/000185/WebAgency/Lists/BBS Contracts
0092;WebAS, TWM%TR-0092-ROS-BAYER-TUERK-KIMYA%02, Intranet;;;Intranet;various;WebCM;TWM#TR-0092-ROS-BAYER-TUERK-KIMYA#02;EMEA (ohne DE);Marcel Knoll;Marcel Knoll;Element;sites/000185/WebAgency/Lists/BBS Contracts
0092;WebAS, TWM%TR-0092-ROS-BAYER-TUERK-KIMYA%01, Internet;10064848;;Internet;various;WebCM;TWM#TR-0092-ROS-BAYER-TUERK-KIMYA#01;EMEA (ohne DE);Marcel Knoll;Marcel Knoll;Element;sites/000185/WebAgency/Lists/BBS Contracts
0422;WebAS, TWM%TH-0422-ROS-BAYER-THAI-COMPANY-LIMITED%02, Intranet;10064952;;Intranet;various;WebCM;TWM#TH-0422-ROS-BAYER-THAI-COMPANY-LIMITED#02;EMEA (ohne DE);Marcel Knoll;Marcel Knoll;Element;sites/000185/WebAgency/Lists/BBS Contracts
0422;WebAS, TWM%TH-0422-ROS-BAYER-THAI-COMPANY-LIMITED%01, Internet;10064846;;Internet;various;WebCM;TWM#TH-0422-ROS-BAYER-THAI-COMPANY-LIMITED#01;EMEA (ohne DE);Marcel Knoll;Marcel Knoll;Element;sites/000185/WebAgency/Lists/BBS Contracts
1000;WebAS, TWM%SK-1000-ROS%02, Intranet;;;Intranet;various;WebCM;TWM#SK-1000-ROS#02;EMEA (ohne DE);Marcel Knoll;Marcel Knoll;Element;sites/000185/WebAgency/Lists/BBS Contracts
1000;WebAS, TWM%SK-1000-ROS%01, Internet;10064844;;Internet;various;WebCM;TWM#SK-1000-ROS#01;EMEA (ohne DE);Marcel Knoll;Marcel Knoll;Element;sites/000185/WebAgency/Lists/BBS Contracts
0438;WebAS, TWM%SI-0438-BHC%02, Intranet;10064950;;Intranet;various;WebCM;TWM#SI-0438-BHC#02;EMEA (ohne DE);Marcel Knoll;Marcel Knoll;Element;sites/000185/WebAgency/Lists/BBS Contracts
0438;WebAS, TWM%SI-0438-BHC%01, Internet;10064842;;Internet;various;WebCM;TWM#SI-0438-BHC#01;EMEA (ohne DE);Marcel Knoll;Marcel Knoll;Element;sites/000185/WebAgency/Lists/BBS Contracts
1106;WebAS, TWM%SG-1106-ROS-BAYER-SOUTH-EAST-ASIA-PTE-LT%02, Intranet;10064948;;Intranet;various;WebCM;TWM#SG-1106-ROS-BAYER-SOUTH-EAST-ASIA-PTE-LT#02;EMEA (ohne DE);Marcel Knoll;Marcel Knoll;Element;sites/000185/WebAgency/Lists/BBS Contracts
1106;WebAS, TWM%SG-1106-ROS-BAYER-SOUTH-EAST-ASIA-PTE-LT%01, Internet;10064840;;Internet;various;WebCM;TWM#SG-1106-ROS-BAYER-SOUTH-EAST-ASIA-PTE-LT#01;EMEA (ohne DE);Marcel Knoll;Marcel Knoll;Element;sites/000185/WebAgency/Lists/BBS Contracts
0202;WebAS, TWM%SE-0202-BHC%02, Intranet;;;Intranet;various;WebCM;TWM#SE-0202-BHC#02;EMEA (ohne DE);Marcel Knoll;Marcel Knoll;Element;sites/000185/WebAgency/Lists/BBS Contracts
0202;WebAS, TWM%SE-0202-BHC%01, Internet;10064838;;Internet;various;WebCM;TWM#SE-0202-BHC#01;EMEA (ohne DE);Marcel Knoll;Marcel Knoll;Element;sites/000185/WebAgency/Lists/BBS Contracts
0823;WebAS, TWM%RU-0823-ROS-ZAO-BAYER%02, Intranet;10064946;;Intranet;various;WebCM;TWM#RU-0823-ROS-ZAO-BAYER#02;EMEA (ohne DE);Marcel Knoll;Marcel Knoll;Element;sites/000185/WebAgency/Lists/BBS Contracts
0823;WebAS, TWM%RU-0823-ROS-ZAO-BAYER%01, Internet;10064836;;Internet;various;WebCM;TWM#RU-0823-ROS-ZAO-BAYER#01;EMEA (ohne DE);Marcel Knoll;Marcel Knoll;Element;sites/000185/WebAgency/Lists/BBS Contracts
1490;WebAS, TWM%RS-1490-BCS-SM%02, Intranet;10064944;;Intranet;various;WebCM;TWM#RS-1490-BCS-SM#02;EMEA (ohne DE);Marcel Knoll;Marcel Knoll;Element;sites/000185/WebAgency/Lists/BBS Contracts
1490;WebAS, TWM%RS-1490-BCS-SM%01, Internet;10064834;;Internet;various;WebCM;TWM#RS-1490-BCS-SM#01;EMEA (ohne DE);Marcel Knoll;Marcel Knoll;Element;sites/000185/WebAgency/Lists/BBS Contracts
0946;WebAS, TWM%RO-0946-ROS%02, Intranet;10064942;;Intranet;various;WebCM;TWM#RO-0946-ROS#02;EMEA (ohne DE);Marcel Knoll;Marcel Knoll;Element;sites/000185/WebAgency/Lists/BBS Contracts
0946;WebAS, TWM%RO-0946-ROS%01, Internet;10064832;;Internet;various;WebCM;TWM#RO-0946-ROS#01;EMEA (ohne DE);Marcel Knoll;Marcel Knoll;Element;sites/000185/WebAgency/Lists/BBS Contracts
0193;WebAS, TWM%PT-0193-BHC%02, Intranet;;;Intranet;various;WebCM;TWM#PT-0193-BHC#02;EMEA (ohne DE);Marcel Knoll;Marcel Knoll;Element;sites/000185/WebAgency/Lists/BBS Contracts
0193;WebAS, TWM%PT-0193-BHC%01, Internet;10064830;;Internet;various;WebCM;TWM#PT-0193-BHC#01;EMEA (ohne DE);Marcel Knoll;Marcel Knoll;Element;sites/000185/WebAgency/Lists/BBS Contracts
0801;WebAS, TWM%PL-0801-BGP%02, Intranet;10064940;;Intranet;various;WebCM;TWM#PL-0801-BGP#02;EMEA (ohne DE);Marcel Knoll;Marcel Knoll;Element;sites/000185/WebAgency/Lists/BBS Contracts
0801;WebAS, TWM%PL-0801-BGP%01, Internet;10064828;;Internet;various;WebCM;TWM#PL-0801-BGP#01;EMEA (ohne DE);Marcel Knoll;Marcel Knoll;Element;sites/000185/WebAgency/Lists/BBS Contracts
0084;WebAS, TWM%PK-0084-BGP-BAYER-PAKISTAN-PRIVATE-LIMIT%02, Intranet;;;Intranet;various;WebCM;TWM#PK-0084-BGP-BAYER-PAKISTAN-PRIVATE-LIMIT#02;EMEA (ohne DE);Marcel Knoll;Marcel Knoll;Element;sites/000185/WebAgency/Lists/BBS Contracts
0084;WebAS, TWM%PK-0084-BGP-BAYER-PAKISTAN-PRIVATE-LIMIT%01, Internet;10064720;;Internet;various;WebCM;TWM#PK-0084-BGP-BAYER-PAKISTAN-PRIVATE-LIMIT#01;EMEA (ohne DE);Marcel Knoll;Marcel Knoll;Element;sites/000185/WebAgency/Lists/BBS Contracts
0087;WebAS, TWM%PH-0087-ROS-BAYER-PHILIPPINES-INC%02, Intranet;;;Intranet;various;WebCM;TWM#PH-0087-ROS-BAYER-PHILIPPINES-INC#02;EMEA (ohne DE);Marcel Knoll;Marcel Knoll;Element;sites/000185/WebAgency/Lists/BBS Contracts
0087;WebAS, TWM%PH-0087-ROS-BAYER-PHILIPPINES-INC%01, Internet;10064826;;Internet;various;WebCM;TWM#PH-0087-ROS-BAYER-PHILIPPINES-INC#01;EMEA (ohne DE);Marcel Knoll;Marcel Knoll;Element;sites/000185/WebAgency/Lists/BBS Contracts
0197;WebAS, TWM%PE-0197-BAYER-PERU%02, Intranet;;;Intranet;various;WebCM;TWM#PE-0197-BAYER-PERU#02;EMEA (ohne DE);Marcel Knoll;Marcel Knoll;Element;sites/000185/WebAgency/Lists/BBS Contracts
0197;WebAS, TWM%PE-0197-BAYER-PERU%01, Internet;10064766;;Internet;various;WebCM;TWM#PE-0197-BAYER-PERU#01;EMEA (ohne DE);Marcel Knoll;Marcel Knoll;Element;sites/000185/WebAgency/Lists/BBS Contracts
0237;WebAS, TWM%NZ-0237-ROS-BAYER-NEW-ZEALAND-LIMITED%02, Intranet;;;Intranet;various;WebCM;TWM#NZ-0237-ROS-BAYER-NEW-ZEALAND-LIMITED#02;EMEA (ohne DE);Marcel Knoll;Marcel Knoll;Element;sites/000185/WebAgency/Lists/BBS Contracts
0237;WebAS, TWM%NZ-0237-ROS-BAYER-NEW-ZEALAND-LIMITED%01, Internet;10064824;;Internet;various;WebCM;TWM#NZ-0237-ROS-BAYER-NEW-ZEALAND-LIMITED#01;EMEA (ohne DE);Marcel Knoll;Marcel Knoll;Element;sites/000185/WebAgency/Lists/BBS Contracts
0187;WebAS, TWM%NO-0187-BHC%02, Intranet;;;Intranet;various;WebCM;TWM#NO-0187-BHC#02;EMEA (ohne DE);Marcel Knoll;Marcel Knoll;Element;sites/000185/WebAgency/Lists/BBS Contracts
0187;WebAS, TWM%NO-0187-BHC%01, Internet;10064822;;Internet;various;WebCM;TWM#NO-0187-BHC#01;EMEA (ohne DE);Marcel Knoll;Marcel Knoll;Element;sites/000185/WebAgency/Lists/BBS Contracts
0188;WebAS, TWM%NL-0188-BHC%02, Intranet;;;Intranet;various;WebCM;TWM#NL-0188-BHC#02;EMEA (ohne DE);Marcel Knoll;Marcel Knoll;Element;sites/000185/WebAgency/Lists/BBS Contracts
0188;WebAS, TWM%NL-0188-BHC%01, Internet;10064722;;Internet;various;WebCM;TWM#NL-0188-BHC#01;EMEA (ohne DE);Marcel Knoll;Marcel Knoll;Element;sites/000185/WebAgency/Lists/BBS Contracts
1276;WebAS, TWM%MY-1276-BBS%02, Intranet;;;Intranet;various;WebCM;TWM#MY-1276-BBS#02;EMEA (ohne DE);Marcel Knoll;Marcel Knoll;Element;sites/000185/WebAgency/Lists/BBS Contracts
1276;WebAS, TWM%MY-1276-BBS%01, Internet;10064820;;Internet;various;WebCM;TWM#MY-1276-BBS#01;EMEA (ohne DE);Marcel Knoll;Marcel Knoll;Element;sites/000185/WebAgency/Lists/BBS Contracts
0168;WebAS, TWM%MX-0168-BGP%02, Intranet;10064938;;Intranet;various;WebCM;TWM#MX-0168-BGP#02;EMEA (ohne DE);Marcel Knoll;Marcel Knoll;Element;sites/000185/WebAgency/Lists/BBS Contracts
0168;WebAS, TWM%MX-0168-BGP%01, Internet;10064818;;Internet;various;WebCM;TWM#MX-0168-BGP#01;EMEA (ohne DE);Marcel Knoll;Marcel Knoll;Element;sites/000185/WebAgency/Lists/BBS Contracts
0085;WebAS, TWM%MA-0085-ROS%02, Intranet;;;Intranet;various;WebCM;TWM#MA-0085-ROS#02;EMEA (ohne DE);Marcel Knoll;Marcel Knoll;Element;sites/000185/WebAgency/Lists/BBS Contracts
0085;WebAS, TWM%MA-0085-ROS%01, Internet;10064816;;Internet;various;WebCM;TWM#MA-0085-ROS#01;EMEA (ohne DE);Marcel Knoll;Marcel Knoll;Element;sites/000185/WebAgency/Lists/BBS Contracts
1922;WebAS, TWM%LV-1922-BHC%02, Intranet;;;Intranet;various;WebCM;TWM#LV-1922-BHC#02;EMEA (ohne DE);Marcel Knoll;Marcel Knoll;Element;sites/000185/WebAgency/Lists/BBS Contracts
1922;WebAS, TWM%LV-1922-BHC%01, Internet;10064814;;Internet;various;WebCM;TWM#LV-1922-BHC#01;EMEA (ohne DE);Marcel Knoll;Marcel Knoll;Element;sites/000185/WebAgency/Lists/BBS Contracts
1545;WebAS, TWM%KZ-1545-BCS-TOO-BAYER_KAZ%02, Intranet;;;Intranet;various;WebCM;TWM#KZ-1545-BCS-TOO-BAYER_KAZ#02;EMEA (ohne DE);Marcel Knoll;Marcel Knoll;Element;sites/000185/WebAgency/Lists/BBS Contracts
1545;WebAS, TWM%KZ-1545-BCS-TOO-BAYER_KAZ%01, Internet;10064768;;Internet;various;WebCM;TWM#KZ-1545-BCS-TOO-BAYER_KAZ#01;EMEA (ohne DE);Marcel Knoll;Marcel Knoll;Element;sites/000185/WebAgency/Lists/BBS Contracts
0695;WebAS, TWM%KR-0695-ROS-BAYER-KOREA-LTD%02, Intranet;10064936;;Intranet;various;WebCM;TWM#KR-0695-ROS-BAYER-KOREA-LTD#02;EMEA (ohne DE);Marcel Knoll;Marcel Knoll;Element;sites/000185/WebAgency/Lists/BBS Contracts
0695;WebAS, TWM%KR-0695-ROS-BAYER-KOREA-LTD%01, Internet;10064812;;Internet;various;WebCM;TWM#KR-0695-ROS-BAYER-KOREA-LTD#01;EMEA (ohne DE);Marcel Knoll;Marcel Knoll;Element;sites/000185/WebAgency/Lists/BBS Contracts
1697;WebAS, TWM%JP-1697-BAG%02, Intranet;10064934;;Intranet;various;WebCM;TWM#JP-1697-BAG#02;EMEA (ohne DE);Marcel Knoll;Marcel Knoll;Element;sites/000185/WebAgency/Lists/BBS Contracts
1697;WebAS, TWM%JP-1697-BAG%01, Internet;10064810;;Internet;various;WebCM;TWM#JP-1697-BAG#01;EMEA (ohne DE);Marcel Knoll;Marcel Knoll;Element;sites/000185/WebAgency/Lists/BBS Contracts
0134;WebAS, TWM%JP-0134-BCS%02, Intranet;;;Intranet;various;WebCM;TWM#JP-0134-BCS#02;EMEA (ohne DE);Marcel Knoll;Marcel Knoll;Element;sites/000185/WebAgency/Lists/BBS Contracts
0134;WebAS, TWM%JP-0134-BCS%01, Internet;10064808;;Internet;various;WebCM;TWM#JP-0134-BCS#01;EMEA (ohne DE);Marcel Knoll;Marcel Knoll;Element;sites/000185/WebAgency/Lists/BBS Contracts
0094;WebAS, TWM%JP-0094-BHC-BAYER-YAKUHIN-LTD%02, Intranet;10064934;;Intranet;various;WebCM;TWM#JP-0094-BHC-BAYER-YAKUHIN-LTD#02;EMEA (ohne DE);Marcel Knoll;Marcel Knoll;Element;sites/000185/WebAgency/Lists/BBS Contracts
0094;WebAS, TWM%JP-0094-BHC-BAYER-YAKUHIN-LTD%01, Internet;10064810;;Internet;various;WebCM;TWM#JP-0094-BHC-BAYER-YAKUHIN-LTD#01;EMEA (ohne DE);Marcel Knoll;Marcel Knoll;Element;sites/000185/WebAgency/Lists/BBS Contracts
0185;WebAS, TWM%IT-0185-ROS-BAYER-S-P-A%02, Intranet;10064930;;Intranet;various;WebCM;TWM#IT-0185-ROS-BAYER-S-P-A#02;EMEA (ohne DE);Marcel Knoll;Marcel Knoll;Element;sites/000185/WebAgency/Lists/BBS Contracts
0185;WebAS, TWM%IT-0185-ROS-BAYER-S-P-A%01, Internet;10064804;;Internet;various;WebCM;TWM#IT-0185-ROS-BAYER-S-P-A#01;EMEA (ohne DE);Marcel Knoll;Marcel Knoll;Element;sites/000185/WebAgency/Lists/BBS Contracts
0073;WebAS, TWM%IN-0073-BGP%01, Internet;;;Internet;various;WebCM;TWM#IN-0073-BGP#01;Asien / Pazifik;Marcel Knoll;Marcel Knoll;Element;sites/000185/WebAgency/Lists/BBS Contracts
1720;WebAS, TWM%IL-1720-ROS-BAYER-ISRAEL-LTD%02, Intranet;;;Intranet;various;WebCM;TWM#IL-1720-ROS-BAYER-ISRAEL-LTD#02;EMEA (ohne DE);Marcel Knoll;Marcel Knoll;Element;sites/000185/WebAgency/Lists/BBS Contracts
1720;WebAS, TWM%IL-1720-ROS-BAYER-ISRAEL-LTD%01, Internet;10064802;;Internet;various;WebCM;TWM#IL-1720-ROS-BAYER-ISRAEL-LTD#01;EMEA (ohne DE);Marcel Knoll;Marcel Knoll;Element;sites/000185/WebAgency/Lists/BBS Contracts
0184;WebAS, TWM%IE-0184-BHC%02, Intranet;;;Intranet;various;WebCM;TWM#IE-0184-BHC#02;EMEA (ohne DE);Marcel Knoll;Marcel Knoll;Element;sites/000185/WebAgency/Lists/BBS Contracts
0184;WebAS, TWM%IE-0184-BHC%01, Internet;10064800;;Internet;various;WebCM;TWM#IE-0184-BHC#01;EMEA (ohne DE);Marcel Knoll;Marcel Knoll;Element;sites/000185/WebAgency/Lists/BBS Contracts
0061;WebAS, TWM%ID-0061-ROS-PT-BAYER-INDONESIA%02, Intranet;;;Intranet;various;WebCM;TWM#ID-0061-ROS-PT-BAYER-INDONESIA#02;EMEA (ohne DE);Marcel Knoll;Marcel Knoll;Element;sites/000185/WebAgency/Lists/BBS Contracts
0061;WebAS, TWM%ID-0061-ROS-PT-BAYER-INDONESIA%01, Internet;10064798;;Internet;various;WebCM;TWM#ID-0061-ROS-PT-BAYER-INDONESIA#01;EMEA (ohne DE);Marcel Knoll;Marcel Knoll;Element;sites/000185/WebAgency/Lists/BBS Contracts
0788;WebAS, TWM%HU-0788-ROS-BAYER-HUNGARIA-KFT%02, Intranet;;;Intranet;various;WebCM;TWM#HU-0788-ROS-BAYER-HUNGARIA-KFT#02;EMEA (ohne DE);Marcel Knoll;Marcel Knoll;Element;sites/000185/WebAgency/Lists/BBS Contracts
0788;WebAS, TWM%HU-0788-ROS-BAYER-HUNGARIA-KFT%01, Internet;10064796;;Internet;various;WebCM;TWM#HU-0788-ROS-BAYER-HUNGARIA-KFT#01;EMEA (ohne DE);Marcel Knoll;Marcel Knoll;Element;sites/000185/WebAgency/Lists/BBS Contracts
1395;WebAS, TWM%HR-1395-ROS%02, Intranet;10064928;;Intranet;various;WebCM;TWM#HR-1395-ROS#02;EMEA (ohne DE);Marcel Knoll;Marcel Knoll;Element;sites/000185/WebAgency/Lists/BBS Contracts
1395;WebAS, TWM%HR-1395-ROS%01, Internet;10064794;;Internet;various;WebCM;TWM#HR-1395-ROS#01;EMEA (ohne DE);Marcel Knoll;Marcel Knoll;Element;sites/000185/WebAgency/Lists/BBS Contracts
1038;WebAS, TWM%HK-1038-BHC%02, Intranet;;;Intranet;various;WebCM;TWM#HK-1038-BHC#02;EMEA (ohne DE);Marcel Knoll;Marcel Knoll;Element;sites/000185/WebAgency/Lists/BBS Contracts
1038;WebAS, TWM%HK-1038-BHC%01, Internet;10064792;;Internet;various;WebCM;TWM#HK-1038-BHC#01;EMEA (ohne DE);Marcel Knoll;Marcel Knoll;Element;sites/000185/WebAgency/Lists/BBS Contracts
0167;WebAS, TWM%GT-0167-BGP%02, Intranet;;;Intranet;various;WebCM;TWM#GT-0167-BGP#02;EMEA (ohne DE);Marcel Knoll;Marcel Knoll;Element;sites/000185/WebAgency/Lists/BBS Contracts
0167;WebAS, TWM%GT-0167-BGP%01, Internet;10064790;;Internet;various;WebCM;TWM#GT-0167-BGP#01;EMEA (ohne DE);Marcel Knoll;Marcel Knoll;Element;sites/000185/WebAgency/Lists/BBS Contracts
0180;WebAS, TWM%GR-0180-BHC%02, Intranet;10064926;;Intranet;various;WebCM;TWM#GR-0180-BHC#02;EMEA (ohne DE);Marcel Knoll;Marcel Knoll;Element;sites/000185/WebAgency/Lists/BBS Contracts
0180;WebAS, TWM%GR-0180-BHC%01, Internet;10064788;;Internet;various;WebCM;TWM#GR-0180-BHC#01;EMEA (ohne DE);Marcel Knoll;Marcel Knoll;Element;sites/000185/WebAgency/Lists/BBS Contracts
0203;WebAS, TWM%GB-0203-BHC%02, Intranet;10064924;;Intranet;various;WebCM;TWM#GB-0203-BHC#02;EMEA (ohne DE);Marcel Knoll;Marcel Knoll;Element;sites/000185/WebAgency/Lists/BBS Contracts
0203;WebAS, TWM%GB-0203-BHC%01, Internet;10064786;;Internet;various;WebCM;TWM#GB-0203-BHC#01;EMEA (ohne DE);Marcel Knoll;Marcel Knoll;Element;sites/000185/WebAgency/Lists/BBS Contracts
0190;WebAS, TWM%FR-0190-BHC%02, Intranet;10064922;;Intranet;various;WebCM;TWM#FR-0190-BHC#02;EMEA (ohne DE);Marcel Knoll;Marcel Knoll;Element;sites/000185/WebAgency/Lists/BBS Contracts
0190;WebAS, TWM%FR-0190-BHC%01, Internet;10064784;;Internet;various;WebCM;TWM#FR-0190-BHC#01;EMEA (ohne DE);Marcel Knoll;Marcel Knoll;Element;sites/000185/WebAgency/Lists/BBS Contracts
2174;WebAS, TWM%FI-2174-BHC%02, Intranet;10064920;;Intranet;various;WebCM;TWM#FI-2174-BHC#02;EMEA (ohne DE);Marcel Knoll;Marcel Knoll;Element;sites/000185/WebAgency/Lists/BBS Contracts
2174;WebAS, TWM%FI-2174-BHC%01, Internet;10064782;;Internet;various;WebCM;TWM#FI-2174-BHC#01;EMEA (ohne DE);Marcel Knoll;Marcel Knoll;Element;sites/000185/WebAgency/Lists/BBS Contracts
0267;WebAS, TWM%ES-0267-BHC%02, Intranet;10064918;;Intranet;various;WebCM;TWM#ES-0267-BHC#02;EMEA (ohne DE);Marcel Knoll;Marcel Knoll;Element;sites/000185/WebAgency/Lists/BBS Contracts
0267;WebAS, TWM%ES-0267-BHC%01, Internet;10064780;;Internet;various;WebCM;TWM#ES-0267-BHC#01;EMEA (ohne DE);Marcel Knoll;Marcel Knoll;Element;sites/000185/WebAgency/Lists/BBS Contracts
0176;WebAS, TWM%EC-0176-ROS-BAYER-S-A%02, Intranet;;;Intranet;various;WebCM;TWM#EC-0176-ROS-BAYER-S-A#02;EMEA (ohne DE);Marcel Knoll;Marcel Knoll;Element;sites/000185/WebAgency/Lists/BBS Contracts
0176;WebAS, TWM%EC-0176-ROS-BAYER-S-A%01, Internet;10064770;;Internet;various;WebCM;TWM#EC-0176-ROS-BAYER-S-A#01;EMEA (ohne DE);Marcel Knoll;Marcel Knoll;Element;sites/000185/WebAgency/Lists/BBS Contracts
0425;WebAS, TWM%DK-0425-BHC%02, Intranet;;;Intranet;various;WebCM;TWM#DK-0425-BHC#02;EMEA (ohne DE);Marcel Knoll;Marcel Knoll;Element;sites/000185/WebAgency/Lists/BBS Contracts
0425;WebAS, TWM%DK-0425-BHC%01, Internet;10064689;;Internet;various;WebCM;TWM#DK-0425-BHC#01;EMEA (ohne DE);Marcel Knoll;Marcel Knoll;Element;sites/000185/WebAgency/Lists/BBS Contracts
2031;WebAS, TWM%DE-2031-BHC-BAYER-WEIMAR%02, Intranet;10065010;;Intranet;various;WebCM;-;Deutschland;Marcel Knoll;Marcel Knoll;Element;sites/000185/WebAgency/Lists/BBS Contracts
2031;WebAS, TWM%DE-2031-BHC-BAYER-WEIMAR%01, Internet;10065009;;Internet;various;WebCM;-;Deutschland;Marcel Knoll;Marcel Knoll;Element;sites/000185/WebAgency/Lists/BBS Contracts
2030;WebAS, TWM%DE-2030-BHC-JENAPHARM-JENA%02, Intranet;10065006;;Intranet;various;WebCM;-;Deutschland;Marcel Knoll;Marcel Knoll;Element;sites/000185/WebAgency/Lists/BBS Contracts
2030;WebAS, TWM%DE-2030-BHC-JENAPHARM-JENA%01, Internet;10065005;;Internet;various;WebCM;-;Deutschland;Marcel Knoll;Marcel Knoll;Element;sites/000185/WebAgency/Lists/BBS Contracts
2001;WebAS, TWM%DE-2001-BHC-DS_BPH%02, Intranet, PS-Procurement;;23,5;Intranet;PS-Procurement;COM;;Deutschland;Marcel Knoll;Stefanie Eickemeyer;Element;sites/000185/WebAgency/Lists/BBS Contracts
2001;WebAS, TWM%DE-2001-BHC-DS_BPH%02, Intranet, PS-Home;;23,5;Intranet;PS-Home;COM;;Deutschland;Marcel Knoll;Stefanie Eickemeyer;Element;sites/000185/WebAgency/Lists/BBS Contracts
2001;WebAS, TWM%DE-2001-BHC-DS_BPH%02, Intranet, PS-Berlin;;23,5;Intranet;PS-Berlin;COM;;Deutschland;Marcel Knoll;Stefanie Eickemeyer;Element;sites/000185/WebAgency/Lists/BBS Contracts
2001;WebAS, TWM%DE-2001-BHC-DS_BPH%02, Intranet, PS-API;;23,5;Intranet;PS-API;COM;;Deutschland;Marcel Knoll;Stefanie Eickemeyer;Element;sites/000185/WebAgency/Lists/BBS Contracts
2001;WebAS, TWM%DE-2001-BHC-DS_BPH%02, Intranet, PH-Xarelto;;23,5;Intranet;PH-Xarelto;WebCM;;Deutschland;Marcel Knoll;Stefanie Eickemeyer;Element;sites/000185/WebAgency/Lists/BBS Contracts
2001;WebAS, TWM%DE-2001-BHC-DS_BPH%02, Intranet, PH-Wuppertal;;23,5;Intranet;PH-Wuppertal;WebA;;Deutschland;Marcel Knoll;Stefanie Eickemeyer;Element;sites/000185/WebAgency/Lists/BBS Contracts
2001;WebAS, TWM%DE-2001-BHC-DS_BPH%02, Intranet, PH-Ventavis;;23,5;Intranet;PH-Ventavis;WebCM;;Deutschland;Marcel Knoll;Stefanie Eickemeyer;Element;sites/000185/WebAgency/Lists/BBS Contracts
2001;WebAS, TWM%DE-2001-BHC-DS_BPH%02, Intranet, PH-Strategic Marketing;;23,5;Intranet;PH-Strategic Marketing;WebCM;;Deutschland;Marcel Knoll;Stefanie Eickemeyer;Element;sites/000185/WebAgency/Lists/BBS Contracts
2001;WebAS, TWM%DE-2001-BHC-DS_BPH%02, Intranet, PH-Standortsicherheit;;23,5;Intranet;PH-Standortsicherheit;WebA;;Deutschland;Marcel Knoll;Stefanie Eickemeyer;Element;sites/000185/WebAgency/Lists/BBS Contracts
2001;WebAS, TWM%DE-2001-BHC-DS_BPH%02, Intranet, PH-Sivextro;;23,5;Intranet;PH-Sivextro;WebCM;;Deutschland;Marcel Knoll;Stefanie Eickemeyer;Element;sites/000185/WebAgency/Lists/BBS Contracts
2001;WebAS, TWM%DE-2001-BHC-DS_BPH%02, Intranet, PH-Nebido;;23,5;Intranet;PH-Nebido;WebCM;;Deutschland;Marcel Knoll;Stefanie Eickemeyer;Element;sites/000185/WebAgency/Lists/BBS Contracts
2001;WebAS, TWM%DE-2001-BHC-DS_BPH%02, Intranet, PH-MO;;23,5;Intranet;PH-MO;WebCM;;Deutschland;Marcel Knoll;Stefanie Eickemeyer;Element;sites/000185/WebAgency/Lists/BBS Contracts
2001;WebAS, TWM%DE-2001-BHC-DS_BPH%02, Intranet, PH-Medical Affairs;;23,5;Intranet;PH-Medical Affairs;COM;;Deutschland;Marcel Knoll;Stefanie Eickemeyer;Element;sites/000185/WebAgency/Lists/BBS Contracts
2001;WebAS, TWM%DE-2001-BHC-DS_BPH%02, Intranet, PH-iWHC;;23,5;Intranet;PH-iWHC;WebCM;;Deutschland;Marcel Knoll;Stefanie Eickemeyer;Element;sites/000185/WebAgency/Lists/BBS Contracts
2001;WebAS, TWM%DE-2001-BHC-DS_BPH%02, Intranet, PH-Home;;23,5;Intranet;PH-Home;COM;;Deutschland;Marcel Knoll;Stefanie Eickemeyer;Element;sites/000185/WebAgency/Lists/BBS Contracts
2001;WebAS, TWM%DE-2001-BHC-DS_BPH%02, Intranet, PH-GED;;23,5;Intranet;PH-GED;COM;;Deutschland;Marcel Knoll;Stefanie Eickemeyer;Element;sites/000185/WebAgency/Lists/BBS Contracts
2001;WebAS, TWM%DE-2001-BHC-DS_BPH%02, Intranet, PH-FM-Berlin;;23,5;Intranet;PH-FM-Berlin;COM;;Deutschland;Marcel Knoll;Stefanie Eickemeyer;Element;sites/000185/WebAgency/Lists/BBS Contracts
2001;WebAS, TWM%DE-2001-BHC-DS_BPH%02, Intranet, PH-D;;23,5;Intranet;PH-D;COM;;Deutschland;Marcel Knoll;Stefanie Eickemeyer;Element;sites/000185/WebAgency/Lists/BBS Contracts
2001;WebAS, TWM%DE-2001-BHC-DS_BPH%02, Intranet, PH-Cipro DPI;;23,5;Intranet;PH-Cipro DPI;WebCM;;Deutschland;Marcel Knoll;Stefanie Eickemeyer;Element;sites/000185/WebAgency/Lists/BBS Contracts
2001;WebAS, TWM%DE-2001-BHC-DS_BPH%02, Intranet, PH-Amikacin Inhale;;23,5;Intranet;PH-Amikacin Inhale;WebCM;;Deutschland;Marcel Knoll;Stefanie Eickemeyer;Element;sites/000185/WebAgency/Lists/BBS Contracts
2001;WebAS, TWM%DE-2001-BHC-DS_BPH%02, Intranet, PH-Adempas;;23,5;Intranet;PH-Adempas;WebCM;;Deutschland;Marcel Knoll;Stefanie Eickemeyer;Element;sites/000185/WebAgency/Lists/BBS Contracts
2001;WebAS, TWM%DE-2001-BHC-DS_BPH%02, Intranet, Pelikan;;23,5;Intranet;Pelikan;COM;;Deutschland;Marcel Knoll;Stefanie Eickemeyer;Element;sites/000185/WebAgency/Lists/BBS Contracts
2001;WebAS, TWM%DE-2001-BHC-DS_BPH%02, Intranet, myNetworld;;23,5;Intranet;myNetworld;COM;;Deutschland;Marcel Knoll;Stefanie Eickemeyer;Element;sites/000185/WebAgency/Lists/BBS Contracts
2001;WebAS, TWM%DE-2001-BHC-DS_BPH%02, Intranet, MC-Home;;23,5;Intranet;MC-Home;COM;;Deutschland;Marcel Knoll;Stefanie Eickemeyer;Element;sites/000185/WebAgency/Lists/BBS Contracts
2001;WebAS, TWM%DE-2001-BHC-DS_BPH%02, Intranet, GRDI - Newsroom;;23,5;Intranet;GRDI - Newsroom;WebA;;Deutschland;Marcel Knoll;Stefanie Eickemeyer;Element;sites/000185/WebAgency/Lists/BBS Contracts
2001;WebAS, TWM%DE-2001-BHC-DS_BPH%02, Intranet, GRDI - MediaMonitor;;23,5;Intranet;GRDI - MediaMonitor;WebA;;Deutschland;Marcel Knoll;Stefanie Eickemeyer;Element;sites/000185/WebAgency/Lists/BBS Contracts
2001;WebAS, TWM%DE-2001-BHC-DS_BPH%02, Intranet, GRDI - Apps;;23,5;Intranet;GRDI - Apps;WebA;;Deutschland;Marcel Knoll;Stefanie Eickemeyer;Element;sites/000185/WebAgency/Lists/BBS Contracts
2001;WebAS, TWM%DE-2001-BHC-DS_BPH%02, Intranet, GRDI - AlertsnRequests;;23,5;Intranet;GRDI - AlertsnRequests;WebA;;Deutschland;Marcel Knoll;Stefanie Eickemeyer;Element;sites/000185/WebAgency/Lists/BBS Contracts
2001;WebAS, TWM%DE-2001-BHC-DS_BPH%02, Intranet, CO-EMEA;;23,5;Intranet;CO-EMEA;COM;;Deutschland;Marcel Knoll;Stefanie Eickemeyer;Element;sites/000185/WebAgency/Lists/BBS Contracts
2001;WebAS, TWM%DE-2001-BHC-DS_BPH%02, Intranet, BSP-SSI;;23,5;Intranet;BSP-SSI;WebA;;Deutschland;Marcel Knoll;Stefanie Eickemeyer;Element;sites/000185/WebAgency/Lists/BBS Contracts
2001;WebAS, TWM%DE-2001-BHC-DS_BPH%02, Intranet, BSP-MCB;;23,5;Intranet;BSP-MCB;WebCM;;Deutschland;Marcel Knoll;Stefanie Eickemeyer;Element;sites/000185/WebAgency/Lists/BBS Contracts
2001;WebAS, TWM%DE-2001-BHC-DS_BPH%02, Intranet, BSP-Legal;;23,5;Intranet;BSP-Legal;COM;;Deutschland;Marcel Knoll;Stefanie Eickemeyer;Element;sites/000185/WebAgency/Lists/BBS Contracts
2001;WebAS, TWM%DE-2001-BHC-DS_BPH%02, Intranet, BSP-IMI;;23,5;Intranet;BSP-IMI;COM;;Deutschland;Marcel Knoll;Stefanie Eickemeyer;Element;sites/000185/WebAgency/Lists/BBS Contracts
2001;WebAS, TWM%DE-2001-BHC-DS_BPH%02, Intranet, BSP-Ideen;;23,5;Intranet;BSP-Ideen;WebA;;Deutschland;Marcel Knoll;Stefanie Eickemeyer;Element;sites/000185/WebAgency/Lists/BBS Contracts
2001;WebAS, TWM%DE-2001-BHC-DS_BPH%02, Intranet, BSP-GRA;;23,5;Intranet;BSP-GRA;COM;;Deutschland;Marcel Knoll;Stefanie Eickemeyer;Element;sites/000185/WebAgency/Lists/BBS Contracts
2001;WebAS, TWM%DE-2001-BHC-DS_BPH%02, Intranet, BSP-GPV;;23,5;Intranet;BSP-GPV;COM;;Deutschland;Marcel Knoll;Stefanie Eickemeyer;Element;sites/000185/WebAgency/Lists/BBS Contracts
2001;WebAS, TWM%DE-2001-BHC-DS_BPH%02, Intranet, BSP-Global-CPD;;23,5;Intranet;BSP-Global-CPD ;COM;;Deutschland;Marcel Knoll;Stefanie Eickemeyer;Element;sites/000185/WebAgency/Lists/BBS Contracts
2001;WebAS, TWM%DE-2001-BHC-DS_BPH%02, Intranet, BSP-GDD;;23,5;Intranet;BSP-GDD;COM;;Deutschland;Marcel Knoll;Stefanie Eickemeyer;Element;sites/000185/WebAgency/Lists/BBS Contracts
2001;WebAS, TWM%DE-2001-BHC-DS_BPH%02, Intranet, BSP-FCB;;23,5;Intranet;BSP-FCB ;WebA;;Deutschland;Marcel Knoll;Stefanie Eickemeyer;Element;sites/000185/WebAgency/Lists/BBS Contracts
2001;WebAS, TWM%DE-2001-BHC-DS_BPH%02, Intranet, BSP-EPI;;23,5;Intranet;BSP-EPI;COM;;Deutschland;Marcel Knoll;Stefanie Eickemeyer;Element;sites/000185/WebAgency/Lists/BBS Contracts
2001;WebAS, TWM%DE-2001-BHC-DS_BPH%02, Intranet, BSP-EIVS;;23,5;Intranet;BSP-EIVS;COM;;Deutschland;Marcel Knoll;Stefanie Eickemeyer;Element;sites/000185/WebAgency/Lists/BBS Contracts
2001;WebAS, TWM%DE-2001-BHC-DS_BPH%02, Intranet, BSP-DI;;23,5;Intranet;BSP-DI;COM;;Deutschland;Marcel Knoll;Stefanie Eickemeyer;Element;sites/000185/WebAgency/Lists/BBS Contracts
2001;WebAS, TWM%DE-2001-BHC-DS_BPH%02, Intranet, BSP-Compliance;;23,5;Intranet;BSP-Compliance;COM;;Deutschland;Marcel Knoll;Stefanie Eickemeyer;Element;sites/000185/WebAgency/Lists/BBS Contracts
2001;WebAS, TWM%DE-2001-BHC-DS_BPH%02, Intranet, BSP-BRB;;23,5;Intranet;BSP-BRB;WebA;;Deutschland;Marcel Knoll;Stefanie Eickemeyer;Element;sites/000185/WebAgency/Lists/BBS Contracts
2001;WebAS, TWM%DE-2001-BHC-DS_BPH%02, Intranet, BSP-BK;;23,5;Intranet;BSP-BK;COM;;Deutschland;Marcel Knoll;Stefanie Eickemeyer;Element;sites/000185/WebAgency/Lists/BBS Contracts
2001;WebAS, TWM%DE-2001-BHC-DS_BPH%02, Intranet, BSP-BG;;23,5;Intranet;BSP-BG ;WebA;;Deutschland;Marcel Knoll;Stefanie Eickemeyer;Element;sites/000185/WebAgency/Lists/BBS Contracts
2001;WebAS, TWM%DE-2001-BHC-DS_BPH%02, Intranet, BSP-BD;;23,5;Intranet;BSP-BD;WebA;;Deutschland;Marcel Knoll;Stefanie Eickemeyer;Element;sites/000185/WebAgency/Lists/BBS Contracts
2001;WebAS, TWM%DE-2001-BHC-DS_BPH%02, Intranet, BSP-AW;;23,5;Intranet;BSP-AW;COM;;Deutschland;Marcel Knoll;Stefanie Eickemeyer;Element;sites/000185/WebAgency/Lists/BBS Contracts
2001;WebAS, TWM%DE-2001-BHC-DS_BPH%02, Intranet, BSP-AUB;;23,5;Intranet;BSP-AUB;WebA;;Deutschland;Marcel Knoll;Stefanie Eickemeyer;Element;sites/000185/WebAgency/Lists/BBS Contracts
2001;WebAS, TWM%DE-2001-BHC-DS_BPH%02, Intranet, BSP-ADJ;;23,5;Intranet;BSP-ADJ ;WebA;;Deutschland;Marcel Knoll;Stefanie Eickemeyer;Element;sites/000185/WebAgency/Lists/BBS Contracts
2001;WebAS, TWM%DE-2001-BHC-DS_BPH%02, Intranet, BHC-Radiology-and-Interventional;;23,5;Intranet;BHC-Radiology-and-Interventional;COM;;Deutschland;Marcel Knoll;Stefanie Eickemeyer;Element;sites/000185/WebAgency/Lists/BBS Contracts
2001;WebAS, TWM%DE-2001-BHC-DS_BPH%02, Intranet, BHC-R_I-Purpose;;23,5;Intranet;BHC-R_I-Purpose;COM;;Deutschland;Marcel Knoll;Stefanie Eickemeyer;Element;sites/000185/WebAgency/Lists/BBS Contracts
2001;WebAS, TWM%DE-2001-BHC-DS_BPH%02, Intranet, BHC-P2P;;23,5;Intranet;BHC-P2P;WebA;;Deutschland;Marcel Knoll;Stefanie Eickemeyer;Element;sites/000185/WebAgency/Lists/BBS Contracts
2001;WebAS, TWM%DE-2001-BHC-DS_BPH%02, Intranet, BHC-MX;;23,5;Intranet;BHC-MX;WebCM;;Deutschland;Marcel Knoll;Stefanie Eickemeyer;Element;sites/000185/WebAgency/Lists/BBS Contracts
2001;WebAS, TWM%DE-2001-BHC-DS_BPH%02, Intranet, BHC-MCM;;23,5;Intranet;BHC-MCM;COM;;Deutschland;Marcel Knoll;Stefanie Eickemeyer;Element;sites/000185/WebAgency/Lists/BBS Contracts
2001;WebAS, TWM%DE-2001-BHC-DS_BPH%02, Intranet, BHC-BGM;;23,5;Intranet;BHC-BGM;COM;;Deutschland;Marcel Knoll;Stefanie Eickemeyer;Element;sites/000185/WebAgency/Lists/BBS Contracts
2001;WebAS, TWM%DE-2001-BHC-DS_BPH%02, Intranet, BAG-CLM;;23,5;Intranet;BAG-CLM;COM;;Deutschland;Marcel Knoll;Stefanie Eickemeyer;Element;sites/000185/WebAgency/Lists/BBS Contracts
2001;WebAS, TWM%DE-2001-BHC-DS_BPH%02, Intranet, BAG-CA;;23,5;Intranet;BAG-CA;COM;;Deutschland;Marcel Knoll;Stefanie Eickemeyer;Element;sites/000185/WebAgency/Lists/BBS Contracts
2001;WebAS, TWM%DE-2001-BHC-DS_BPH%02, Intranet, abcs;;23,5;Intranet;abcs;WebA;;Deutschland;Marcel Knoll;Stefanie Eickemeyer;Element;sites/000185/WebAgency/Lists/BBS Contracts
2001;WebAS, TWM%DE-2001-BHC-DS_BPH%01, Internet, various;;23,5;Internet;various;WebCM;;Deutschland;Marcel Knoll;Stefanie Eickemeyer;Element;sites/000185/WebAgency/Lists/BBS Contracts
2000;WebAS, TWM%DE-2000-BAG-WORKPLACE%02, Intranet;;;Intranet;ACC-Connections;COM;;Deutschland;Marcel Knoll;Stefanie Eickemeyer;Element;sites/000185/WebAgency/Lists/BBS Contracts
2000;WebAS, TWM%DE-2000-BAG-WORKPLACE%02, Intranet;;;Intranet;BAG CorpCompliance;COM;;Deutschland;Marcel Knoll;Stefanie Eickemeyer;Element;sites/000185/WebAgency/Lists/BBS Contracts
2000;WebAS, TWM%DE-2000-BAG-WORKPLACE%02, Intranet;;;Intranet;BAG-GAC;COM;;Deutschland;Marcel Knoll;Stefanie Eickemeyer;Element;sites/000185/WebAgency/Lists/BBS Contracts
2000;WebAS, TWM%DE-2000-BAG-WORKPLACE%02, Intranet;;;Intranet;BayerNet;COM;;Deutschland;Marcel Knoll;Stefanie Eickemeyer;Element;sites/000185/WebAgency/Lists/BBS Contracts
2000;WebAS, TWM%DE-2000-BAG-WORKPLACE%02, Intranet;;;Intranet;BIP-Intranet;COM;;Deutschland;Marcel Knoll;Stefanie Eickemeyer;Element;sites/000185/WebAgency/Lists/BBS Contracts
1829;WebAS, TWM%DE-1829-BAG-BIP%02, Intranet;10064967;;Intranet;various;WebCM;-;Deutschland;Marcel Knoll;Marcel Knoll;Element;sites/000185/WebAgency/Lists/BBS Contracts
1829;WebAS, TWM%DE-1829-BAG-BIP%01, Internet;;;Internet;various;WebCM;-;Deutschland;Marcel Knoll;Marcel Knoll;Element;sites/000185/WebAgency/Lists/BBS Contracts
1582;WebAS, TWM%DE-1582-BHC-AH_MON%01, Internet;10076691;23,5;Internet;various;WebCM;EOUE00011622;Deutschland;Marcel Knoll;Stefanie Eickemeyer;Element;sites/000185/WebAgency/Lists/BBS Contracts
1546;WebAS, TWM%DE-1546-BHC-GP-GRENZACH-PRODUKTIONS-GMBH%02, Intranet;10064964;;Intranet;various;WebCM;-;Deutschland;Marcel Knoll;Marcel Knoll;Element;sites/000185/WebAgency/Lists/BBS Contracts
1546;WebAS, TWM%DE-1546-BHC-GP-GRENZACH-PRODUKTIONS-GMBH%01, Internet;10064963;;Internet;various;WebCM;-;Deutschland;Marcel Knoll;Marcel Knoll;Element;sites/000185/WebAgency/Lists/BBS Contracts
1252;WebAS, TWM%DE-1252-BTS-DS_BTS%02, Intranet;;;Intranet;various;WebCM;-;Deutschland;Marcel Knoll;Marcel Knoll;Element;sites/000185/WebAgency/Lists/BBS Contracts
1252;WebAS, TWM%DE-1252-BTS-DS_BTS%01, Internet;10064978;;Internet;various;WebCM;-;Deutschland;Marcel Knoll;Marcel Knoll;Element;sites/000185/WebAgency/Lists/BBS Contracts
1230;WebAS, TWM%DE-1230-BCS-BAYER-CROPSCIENCE-AG%02, Intranet;10073134;;Intranet;various;WebCM;EOUE00006045;Deutschland;Marcel Knoll;Marcel Knoll;Element;sites/000185/WebAgency/Lists/BBS Contracts
0932;WebAS, TWM%DE-0932-BHC-BAYER-VITAL-GMBH%01, Internet;10073803;40;Internet;various;WebCM;OLUE00003698;Deutschland;Marcel Knoll;Stefanie Eickemeyer;Element;sites/000185/WebAgency/Lists/BBS Contracts
0522;WebAS, TWM%DE-0522-CUR-BAYER-GASTRONOMIE-GMBH%01, Internet;;;Internet;various;WebA;-;Deutschland;Marcel Knoll;Marcel Knoll;Element;sites/000185/WebAgency/Lists/BBS Contracts
0482;WebAS, TWM%DE-0482-BAG-DS_BRE%02, Intranet;10064912;;Intranet;various;WebCM;-;Deutschland;Marcel Knoll;Marcel Knoll;Element;sites/000185/WebAgency/Lists/BBS Contracts
0482;WebAS, TWM%DE-0482-BAG-DS_BRE%01, Internet;;;Internet;various;WebCM;-;Deutschland;Marcel Knoll;Marcel Knoll;Element;sites/000185/WebAgency/Lists/BBS Contracts
0347;WebAS, TWM%DE-0347-ROS-BAYER-BITTERFELD-GMBH%02, Intranet;;;Intranet;various;WebCM;-;Deutschland;Marcel Knoll;Marcel Knoll;Element;sites/000185/WebAgency/Lists/BBS Contracts
0347;WebAS, TWM%DE-0347-ROS-BAYER-BITTERFELD-GMBH%01, Internet;10064908;;Internet;various;WebCM;-;Deutschland;Marcel Knoll;Marcel Knoll;Element;sites/000185/WebAgency/Lists/BBS Contracts
0032;WebAS, TWM%DE-0032-BHC-DS%02, Intranet;;;Intranet;various;WebCM;;Deutschland;Marcel Knoll;Marcel Knoll;Element;sites/000185/WebAgency/Lists/BBS Contracts
0032;WebAS, TWM%DE-0032-BHC-DS%01, Internet;;;Internet;various;WebCM;;Deutschland;Marcel Knoll;Stefanie Eickemeyer;Element;sites/000185/WebAgency/Lists/BBS Contracts
0807;WebAS, TWM%CZ-0807-ROS%02, Intranet;10064900;;Intranet;various;WebCM;TWM#CZ-0807-ROS#02;EMEA (ohne DE);Marcel Knoll;Marcel Knoll;Element;sites/000185/WebAgency/Lists/BBS Contracts
0807;WebAS, TWM%CZ-0807-ROS%01, Internet;10064778;;Internet;various;WebCM;TWM#CZ-0807-ROS#01;EMEA (ohne DE);Marcel Knoll;Marcel Knoll;Element;sites/000185/WebAgency/Lists/BBS Contracts
1321;WebAS, TWM%CO-1321-BHC%02, Intranet;;;Intranet;various;WebCM;TWM#CO-1321-BHC#02;Lateinamerika;Marcel Knoll;Marcel Knoll;Element;sites/000185/WebAgency/Lists/BBS Contracts
1321;WebAS, TWM%CO-1321-BHC%01, Internet;10064898;;Internet;various;WebCM;TWM#CO-1321-BHC#01;Lateinamerika;Marcel Knoll;Marcel Knoll;Element;sites/000185/WebAgency/Lists/BBS Contracts
1391;WebAS, TWM%CN-1391-BCS%02, Intranet;10064894;;Intranet;various;WebCM;TWM#CN-1391-BCS#02;Asien / Pazifik;Marcel Knoll;Marcel Knoll;Element;sites/000185/WebAgency/Lists/BBS Contracts
1391;WebAS, TWM%CN-1391-BCS%01, Internet;;;Internet;various;WebCM;TWM#CN-1391-BCS#01;Asien / Pazifik;Marcel Knoll;Marcel Knoll;Element;sites/000185/WebAgency/Lists/BBS Contracts
0938;WebAS, TWM%CN-0938-BHC%02, Intranet;;;Intranet;various;WebCM;TWM#CN-0938-BHC#02;Asien / Pazifik;Marcel Knoll;Marcel Knoll;Element;sites/000185/WebAgency/Lists/BBS Contracts
0938;WebAS, TWM%CN-0938-BHC%01, Internet;10064888;;Internet;various;WebCM;TWM#CN-0938-BHC#01;Asien / Pazifik;Marcel Knoll;Marcel Knoll;Element;sites/000185/WebAgency/Lists/BBS Contracts
0882;WebAS, TWM%CN-0882-BHC%02, Intranet;10064889;;Intranet;various;WebCM;TWM#CN-0882-BHC#02;Asien / Pazifik;Marcel Knoll;Marcel Knoll;Element;sites/000185/WebAgency/Lists/BBS Contracts
0882;WebAS, TWM%CN-0882-BHC%01, Internet;10064888;;Internet;various;WebCM;TWM#CN-0882-BHC#01;Asien / Pazifik;Marcel Knoll;Marcel Knoll;Element;sites/000185/WebAgency/Lists/BBS Contracts
0164;WebAS, TWM%CL-0164-ROS-BAYER-CHILE%02, Intranet;;;Intranet;various;WebCM;TWM#CL-0164-ROS-BAYER-CHILE#02;Lateinamerika;Marcel Knoll;Marcel Knoll;Element;sites/000185/WebAgency/Lists/BBS Contracts
0164;WebAS, TWM%CL-0164-ROS-BAYER-CHILE%01, Internet;10064886;;Internet;various;WebCM;TWM#CL-0164-ROS-BAYER-CHILE#01;Lateinamerika;Marcel Knoll;Marcel Knoll;Element;sites/000185/WebAgency/Lists/BBS Contracts
1611;WebAS, TWM%CH-1611-BHC-BCC%01, Internet;10064762;40;Internet;various;WebCM;TWM#CH-1611-BHC-BCC#01;EMEA (ohne DE);Marcel Knoll;Stefanie Eickemeyer;Element;sites/000185/WebAgency/Lists/BBS Contracts
0201;WebAS, TWM%CH-0201-BHC%02, Intranet;10064880;;Intranet;various;WebCM;TWM#CH-0201-BHC#02;EMEA (ohne DE);Marcel Knoll;Marcel Knoll;Element;sites/000185/WebAgency/Lists/BBS Contracts
0201;WebAS, TWM%CH-0201-BHC%01, Internet;10064776;;Internet;various;WebCM;TWM#CH-0201-BHC#01;EMEA (ohne DE);Marcel Knoll;Marcel Knoll;Element;sites/000185/WebAgency/Lists/BBS Contracts
0393;WebAS, TWM%CA-0393-ROS-BAYER-INC%02, Intranet;;;Intranet;various;WebCM;TWM#CA-0393-ROS-BAYER-INC#02;Nordamerika;Marcel Knoll;Marcel Knoll;Element;sites/000185/WebAgency/Lists/BBS Contracts
0393;WebAS, TWM%CA-0393-ROS-BAYER-INC%01, Internet;10064878;;Internet;various;WebCM;TWM#CA-0393-ROS-BAYER-INC#01;Nordamerika;Marcel Knoll;Marcel Knoll;Element;sites/000185/WebAgency/Lists/BBS Contracts
1353;WebAS, TWM%BR-1353-BHC%02, Intranet;10064875;;Intranet;various;WebCM;TWM#BR-1353-BHC#02;Lateinamerika;Marcel Knoll;Marcel Knoll;Element;sites/000185/WebAgency/Lists/BBS Contracts
1353;WebAS, TWM%BR-1353-BHC%01, Internet;10064874;;Internet;various;WebCM;TWM#BR-1353-BHC#01;Lateinamerika;Marcel Knoll;Marcel Knoll;Element;sites/000185/WebAgency/Lists/BBS Contracts
0887;WebAS, TWM%BG-0887-ROS%02, Intranet;;;Intranet;various;WebCM;TWM#BG-0887-ROS#02;EMEA (ohne DE);Marcel Knoll;Marcel Knoll;Element;sites/000185/WebAgency/Lists/BBS Contracts
0887;WebAS, TWM%BG-0887-ROS%01, Internet;10064774;;Internet;various;WebCM;TWM#BG-0887-ROS#01;EMEA (ohne DE);Marcel Knoll;Marcel Knoll;Element;sites/000185/WebAgency/Lists/BBS Contracts
0063;WebAS, TWM%BE-0063-BMS%02, Intranet;;;Intranet;various;WebCM;TWM#BE-0063-BMS#02;EMEA (ohne DE);Marcel Knoll;Marcel Knoll;Element;sites/000185/WebAgency/Lists/BBS Contracts
0063;WebAS, TWM%BE-0063-BMS%01, Internet -->NL-0188;10064722;;Internet;various;WebCM;TWM#BE-0063-BMS#01, Internet -->NL;EMEA (ohne DE);Marcel Knoll;Marcel Knoll;Element;sites/000185/WebAgency/Lists/BBS Contracts
0157;WebAS, TWM%AU-0157-ROS-BAYER-AUSTRALIA-LTD%02, Intranet;;;Intranet;various;WebCM;TWM#AU-0157-ROS-BAYER-AUSTRALIA-LTD#02;#N/A;Marcel Knoll;Marcel Knoll;Element;sites/000185/WebAgency/Lists/BBS Contracts
0157;WebAS, TWM%AU-0157-ROS-BAYER-AUSTRALIA-LTD%01, Internet;10064868;;Internet;various;WebCM;TWM#AU-0157-ROS-BAYER-AUSTRALIA-LTD#01;#N/A;Marcel Knoll;Marcel Knoll;Element;sites/000185/WebAgency/Lists/BBS Contracts
0208;WebAS, TWM%AT-0208-BHC%02, Intranet;10064865;;Intranet;various;WebCM;TWM#AT-0208-BHC#02;#N/A;Marcel Knoll;Marcel Knoll;Element;sites/000185/WebAgency/Lists/BBS Contracts
0208;WebAS, TWM%AT-0208-BHC%01, Internet;10064864;;Internet;various;WebCM;TWM#AT-0208-BHC#01;#N/A;Marcel Knoll;Marcel Knoll;Element;sites/000185/WebAgency/Lists/BBS Contracts
0156;WebAS, TWM%AR-0156-ROS-BAYER-S-A%02, Intranet;;;Intranet;various;WebCM;TWM#AR-0156-ROS-BAYER-S-A#02;#N/A;Marcel Knoll;Marcel Knoll;Element;sites/000185/WebAgency/Lists/BBS Contracts
0156;WebAS, TWM%AR-0156-ROS-BAYER-S-A%01, Internet;10064862;;Internet;various;WebCM;TWM#AR-0156-ROS-BAYER-S-A#01;#N/A;Marcel Knoll;Marcel Knoll;Element;sites/000185/WebAgency/Lists/BBS Contracts
1707;WebAS, TWM%AE-1707-ROS%02, Intranet;10064859;;Intranet;various;WebCM;TWM#AE-1707-ROS#02;#N/A;Marcel Knoll;Marcel Knoll;Element;sites/000185/WebAgency/Lists/BBS Contracts
1707;WebAS, TWM%AE-1707-ROS%01, Internet;10064858;;Internet;various;WebCM;TWM#AE-1707-ROS#01;#N/A;Marcel Knoll;Marcel Knoll;Element;sites/000185/WebAgency/Lists/BBS Contracts
0210;WebAS, AUT%ZA-0210-BHC%02, Intranet;;;Intranet;various;WebCM;AUT#ZA-0210-BHC#02;EMEA (ohne DE);Marcel Knoll;Marcel Knoll;Element;sites/000185/WebAgency/Lists/BBS Contracts
0210;WebAS, AUT%ZA-0210-BHC%01, Internet;10064723;;Internet;various;WebCM;AUT#ZA-0210-BHC#01;EMEA (ohne DE);Marcel Knoll;Marcel Knoll;Element;sites/000185/WebAgency/Lists/BBS Contracts
1346;WebAS, AUT%VN-1346-ROS-BAYER-VIETNAM-LTD%02, Intranet;;;Intranet;various;WebCM;AUT#VN-1346-ROS-BAYER-VIETNAM-LTD#02;EMEA (ohne DE);Marcel Knoll;Marcel Knoll;Element;sites/000185/WebAgency/Lists/BBS Contracts
1346;WebAS, AUT%VN-1346-ROS-BAYER-VIETNAM-LTD%01, Internet;10064725;;Internet;various;WebCM;AUT#VN-1346-ROS-BAYER-VIETNAM-LTD#01;EMEA (ohne DE);Marcel Knoll;Marcel Knoll;Element;sites/000185/WebAgency/Lists/BBS Contracts
0196;WebAS, AUT%VE-0196-BHC%02, Intranet;;;Intranet;various;WebCM;AUT#VE-0196-BHC#02;EMEA (ohne DE);Marcel Knoll;Marcel Knoll;Element;sites/000185/WebAgency/Lists/BBS Contracts
0196;WebAS, AUT%VE-0196-BHC%01, Internet;10064857;;Internet;various;WebCM;AUT#VE-0196-BHC#01;EMEA (ohne DE);Marcel Knoll;Marcel Knoll;Element;sites/000185/WebAgency/Lists/BBS Contracts
2083;WebAS, AUT%US-2083-BHC%02, Intranet;10064959;;Intranet;various;WebCM;AUT#US-2083-BHC#02;EMEA (ohne DE);Marcel Knoll;Marcel Knoll;Element;sites/000185/WebAgency/Lists/BBS Contracts
2083;WebAS, AUT%US-2083-BHC%01, Internet;10064765;;Internet;various;WebCM;AUT#US-2083-BHC#01;EMEA (ohne DE);Marcel Knoll;Marcel Knoll;Element;sites/000185/WebAgency/Lists/BBS Contracts
1371;WebAS, AUT%US-1371-ROS-BAYER-CORP%02, Intranet;;;Intranet;various;WebCM;AUT#US-1371-ROS-BAYER-CORP#02;EMEA (ohne DE);Marcel Knoll;Marcel Knoll;Element;sites/000185/WebAgency/Lists/BBS Contracts
1371;WebAS, AUT%US-1371-ROS-BAYER-CORP%01, Internet;10064855;;Internet;various;WebCM;AUT#US-1371-ROS-BAYER-CORP#01;EMEA (ohne DE);Marcel Knoll;Marcel Knoll;Element;sites/000185/WebAgency/Lists/BBS Contracts
0353;WebAS, AUT%US-0353-BHC-BAYER-HEALTHCARE-LLC%02, Intranet;10064956;;Intranet;various;WebCM;AUT#US-0353-BHC-BAYER-HEALTHCARE-LLC#02;EMEA (ohne DE);Marcel Knoll;Marcel Knoll;Element;sites/000185/WebAgency/Lists/BBS Contracts
0353;WebAS, AUT%US-0353-BHC-BAYER-HEALTHCARE-LLC%01, Internet;10064688;;Internet;various;WebCM;AUT#US-0353-BHC-BAYER-HEALTHCARE-LLC#01;EMEA (ohne DE);Marcel Knoll;Marcel Knoll;Element;sites/000185/WebAgency/Lists/BBS Contracts
1477;WebAS, AUT%UA-1477-BHC%02, Intranet;;;Intranet;various;WebCM;AUT#UA-1477-BHC#02;EMEA (ohne DE);Marcel Knoll;Marcel Knoll;Element;sites/000185/WebAgency/Lists/BBS Contracts
1477;WebAS, AUT%UA-1477-BHC%01, Internet;10064853;;Internet;various;WebCM;AUT#UA-1477-BHC#01;EMEA (ohne DE);Marcel Knoll;Marcel Knoll;Element;sites/000185/WebAgency/Lists/BBS Contracts
0673;WebAS, AUT%TW-0673-ROS-BAYER-TAIWAN-COMPANY-LTD%02, Intranet;;;Intranet;various;WebCM;AUT#TW-0673-ROS-BAYER-TAIWAN-COMPANY-LTD#02;EMEA (ohne DE);Marcel Knoll;Marcel Knoll;Element;sites/000185/WebAgency/Lists/BBS Contracts
0673;WebAS, AUT%TW-0673-ROS-BAYER-TAIWAN-COMPANY-LTD%01, Internet;10064851;;Internet;various;WebCM;AUT#TW-0673-ROS-BAYER-TAIWAN-COMPANY-LTD#01;EMEA (ohne DE);Marcel Knoll;Marcel Knoll;Element;sites/000185/WebAgency/Lists/BBS Contracts
0092;WebAS, AUT%TR-0092-ROS-BAYER-TUERK-KIMYA%02, Intranet;;;Intranet;various;WebCM;AUT#TR-0092-ROS-BAYER-TUERK-KIMYA#02;EMEA (ohne DE);Marcel Knoll;Marcel Knoll;Element;sites/000185/WebAgency/Lists/BBS Contracts
0092;WebAS, AUT%TR-0092-ROS-BAYER-TUERK-KIMYA%01, Internet;10064849;;Internet;various;WebCM;AUT#TR-0092-ROS-BAYER-TUERK-KIMYA#01;EMEA (ohne DE);Marcel Knoll;Marcel Knoll;Element;sites/000185/WebAgency/Lists/BBS Contracts
0422;WebAS, AUT%TH-0422-ROS-BAYER-THAI-COMPANY-LIMITED%02, Intranet;10064953;;Intranet;various;WebCM;AUT#TH-0422-ROS-BAYER-THAI-COMPANY-LIMITED#02;EMEA (ohne DE);Marcel Knoll;Marcel Knoll;Element;sites/000185/WebAgency/Lists/BBS Contracts
0422;WebAS, AUT%TH-0422-ROS-BAYER-THAI-COMPANY-LIMITED%01, Internet;10064847;;Internet;various;WebCM;AUT#TH-0422-ROS-BAYER-THAI-COMPANY-LIMITED#01;EMEA (ohne DE);Marcel Knoll;Marcel Knoll;Element;sites/000185/WebAgency/Lists/BBS Contracts
1000;WebAS, AUT%SK-1000-ROS%02, Intranet;;;Intranet;various;WebCM;AUT#SK-1000-ROS#02;EMEA (ohne DE);Marcel Knoll;Marcel Knoll;Element;sites/000185/WebAgency/Lists/BBS Contracts
1000;WebAS, AUT%SK-1000-ROS%01, Internet;10064845;;Internet;various;WebCM;AUT#SK-1000-ROS#01;EMEA (ohne DE);Marcel Knoll;Marcel Knoll;Element;sites/000185/WebAgency/Lists/BBS Contracts
0438;WebAS, AUT%SI-0438-BHC%02, Intranet;10064951;;Intranet;various;WebCM;AUT#SI-0438-BHC#02;EMEA (ohne DE);Marcel Knoll;Marcel Knoll;Element;sites/000185/WebAgency/Lists/BBS Contracts
0438;WebAS, AUT%SI-0438-BHC%01, Internet;10064843;;Internet;various;WebCM;AUT#SI-0438-BHC#01;EMEA (ohne DE);Marcel Knoll;Marcel Knoll;Element;sites/000185/WebAgency/Lists/BBS Contracts
1106;WebAS, AUT%SG-1106-ROS-BAYER-SOUTH-EAST-ASIA-PTE-LT%02, Intranet;10064949;;Intranet;various;WebCM;AUT#SG-1106-ROS-BAYER-SOUTH-EAST-ASIA-PTE-LT#02;EMEA (ohne DE);Marcel Knoll;Marcel Knoll;Element;sites/000185/WebAgency/Lists/BBS Contracts
1106;WebAS, AUT%SG-1106-ROS-BAYER-SOUTH-EAST-ASIA-PTE-LT%01, Internet;10064841;;Internet;various;WebCM;AUT#SG-1106-ROS-BAYER-SOUTH-EAST-ASIA-PTE-LT#01;EMEA (ohne DE);Marcel Knoll;Marcel Knoll;Element;sites/000185/WebAgency/Lists/BBS Contracts
0202;WebAS, AUT%SE-0202-BHC%02, Intranet;;;Intranet;various;WebCM;AUT#SE-0202-BHC#02;EMEA (ohne DE);Marcel Knoll;Marcel Knoll;Element;sites/000185/WebAgency/Lists/BBS Contracts
0202;WebAS, AUT%SE-0202-BHC%01, Internet;10064839;;Internet;various;WebCM;AUT#SE-0202-BHC#01;EMEA (ohne DE);Marcel Knoll;Marcel Knoll;Element;sites/000185/WebAgency/Lists/BBS Contracts
0823;WebAS, AUT%RU-0823-ROS-ZAO-BAYER%02, Intranet;10064947;;Intranet;various;WebCM;AUT#RU-0823-ROS-ZAO-BAYER#02;EMEA (ohne DE);Marcel Knoll;Marcel Knoll;Element;sites/000185/WebAgency/Lists/BBS Contracts
0823;WebAS, AUT%RU-0823-ROS-ZAO-BAYER%01, Internet;10064837;;Internet;various;WebCM;AUT#RU-0823-ROS-ZAO-BAYER#01;EMEA (ohne DE);Marcel Knoll;Marcel Knoll;Element;sites/000185/WebAgency/Lists/BBS Contracts
1490;WebAS, AUT%RS-1490-BCS-SM%02, Intranet;10064945;;Intranet;various;WebCM;AUT#RS-1490-BCS-SM#02;EMEA (ohne DE);Marcel Knoll;Marcel Knoll;Element;sites/000185/WebAgency/Lists/BBS Contracts
1490;WebAS, AUT%RS-1490-BCS-SM%01, Internet;10064835;;Internet;various;WebCM;AUT#RS-1490-BCS-SM#01;EMEA (ohne DE);Marcel Knoll;Marcel Knoll;Element;sites/000185/WebAgency/Lists/BBS Contracts
0946;WebAS, AUT%RO-0946-ROS%02, Intranet;10064943;;Intranet;various;WebCM;AUT#RO-0946-ROS#02;EMEA (ohne DE);Marcel Knoll;Marcel Knoll;Element;sites/000185/WebAgency/Lists/BBS Contracts
0946;WebAS, AUT%RO-0946-ROS%01, Internet;10064833;;Internet;various;WebCM;AUT#RO-0946-ROS#01;EMEA (ohne DE);Marcel Knoll;Marcel Knoll;Element;sites/000185/WebAgency/Lists/BBS Contracts
0193;WebAS, AUT%PT-0193-BHC%02, Intranet;;;Intranet;various;WebCM;AUT#PT-0193-BHC#02;EMEA (ohne DE);Marcel Knoll;Marcel Knoll;Element;sites/000185/WebAgency/Lists/BBS Contracts
0193;WebAS, AUT%PT-0193-BHC%01, Internet;10064831;;Internet;various;WebCM;AUT#PT-0193-BHC#01;EMEA (ohne DE);Marcel Knoll;Marcel Knoll;Element;sites/000185/WebAgency/Lists/BBS Contracts
0801;WebAS, AUT%PL-0801-BGP%02, Intranet;10064941;;Intranet;various;WebCM;AUT#PL-0801-BGP#02;EMEA (ohne DE);Marcel Knoll;Marcel Knoll;Element;sites/000185/WebAgency/Lists/BBS Contracts
0801;WebAS, AUT%PL-0801-BGP%01, Internet;10064829;;Internet;various;WebCM;AUT#PL-0801-BGP#01;EMEA (ohne DE);Marcel Knoll;Marcel Knoll;Element;sites/000185/WebAgency/Lists/BBS Contracts
0084;WebAS, AUT%PK-0084-BGP-BAYER-PAKISTAN-PRIVATE-LIMIT%02, Intranet;;;Intranet;various;WebCM;AUT#PK-0084-BGP-BAYER-PAKISTAN-PRIVATE-LIMIT#02;EMEA (ohne DE);Marcel Knoll;Marcel Knoll;Element;sites/000185/WebAgency/Lists/BBS Contracts
0084;WebAS, AUT%PK-0084-BGP-BAYER-PAKISTAN-PRIVATE-LIMIT%01, Internet;10064687;;Internet;various;WebCM;AUT#PK-0084-BGP-BAYER-PAKISTAN-PRIVATE-LIMIT#01;EMEA (ohne DE);Marcel Knoll;Marcel Knoll;Element;sites/000185/WebAgency/Lists/BBS Contracts
0087;WebAS, AUT%PH-0087-ROS-BAYER-PHILIPPINES-INC%02, Intranet;;;Intranet;various;WebCM;AUT#PH-0087-ROS-BAYER-PHILIPPINES-INC#02;EMEA (ohne DE);Marcel Knoll;Marcel Knoll;Element;sites/000185/WebAgency/Lists/BBS Contracts
0087;WebAS, AUT%PH-0087-ROS-BAYER-PHILIPPINES-INC%01, Internet;10064827;;Internet;various;WebCM;AUT#PH-0087-ROS-BAYER-PHILIPPINES-INC#01;EMEA (ohne DE);Marcel Knoll;Marcel Knoll;Element;sites/000185/WebAgency/Lists/BBS Contracts
0197;WebAS, AUT%PE-0197-BAYER-PERU%02, Intranet;;;Intranet;various;WebCM;AUT#PE-0197-BAYER-PERU#02;EMEA (ohne DE);Marcel Knoll;Marcel Knoll;Element;sites/000185/WebAgency/Lists/BBS Contracts
0197;WebAS, AUT%PE-0197-BAYER-PERU%01, Internet;10064767;;Internet;various;WebCM;AUT#PE-0197-BAYER-PERU#01;EMEA (ohne DE);Marcel Knoll;Marcel Knoll;Element;sites/000185/WebAgency/Lists/BBS Contracts
0237;WebAS, AUT%NZ-0237-ROS-BAYER-NEW-ZEALAND-LIMITED%02, Intranet;;;Intranet;various;WebCM;AUT#NZ-0237-ROS-BAYER-NEW-ZEALAND-LIMITED#02;EMEA (ohne DE);Marcel Knoll;Marcel Knoll;Element;sites/000185/WebAgency/Lists/BBS Contracts
0237;WebAS, AUT%NZ-0237-ROS-BAYER-NEW-ZEALAND-LIMITED%01, Internet;10064825;;Internet;various;WebCM;AUT#NZ-0237-ROS-BAYER-NEW-ZEALAND-LIMITED#01;EMEA (ohne DE);Marcel Knoll;Marcel Knoll;Element;sites/000185/WebAgency/Lists/BBS Contracts
0187;WebAS, AUT%NO-0187-BHC%02, Intranet;;;Intranet;various;WebCM;AUT#NO-0187-BHC#02;EMEA (ohne DE);Marcel Knoll;Marcel Knoll;Element;sites/000185/WebAgency/Lists/BBS Contracts
0187;WebAS, AUT%NO-0187-BHC%01, Internet;10064823;;Internet;various;WebCM;AUT#NO-0187-BHC#01;EMEA (ohne DE);Marcel Knoll;Marcel Knoll;Element;sites/000185/WebAgency/Lists/BBS Contracts
0188;WebAS, AUT%NL-0188-BHC%02, Intranet;;;Intranet;various;WebCM;AUT#NL-0188-BHC#02;EMEA (ohne DE);Marcel Knoll;Marcel Knoll;Element;sites/000185/WebAgency/Lists/BBS Contracts
0188;WebAS, AUT%NL-0188-BHC%01, Internet;10064721;;Internet;various;WebCM;AUT#NL-0188-BHC#01;EMEA (ohne DE);Marcel Knoll;Marcel Knoll;Element;sites/000185/WebAgency/Lists/BBS Contracts
1276;WebAS, AUT%MY-1276-BBS%02, Intranet;;;Intranet;various;WebCM;AUT#MY-1276-BBS#02;EMEA (ohne DE);Marcel Knoll;Marcel Knoll;Element;sites/000185/WebAgency/Lists/BBS Contracts
1276;WebAS, AUT%MY-1276-BBS%01, Internet;10064821;;Internet;various;WebCM;AUT#MY-1276-BBS#01;EMEA (ohne DE);Marcel Knoll;Marcel Knoll;Element;sites/000185/WebAgency/Lists/BBS Contracts
0168;WebAS, AUT%MX-0168-BGP%02, Intranet;10064939;;Intranet;various;WebCM;AUT#MX-0168-BGP#02;EMEA (ohne DE);Marcel Knoll;Marcel Knoll;Element;sites/000185/WebAgency/Lists/BBS Contracts
0168;WebAS, AUT%MX-0168-BGP%01, Internet;10064819;;Internet;various;WebCM;AUT#MX-0168-BGP#01;EMEA (ohne DE);Marcel Knoll;Marcel Knoll;Element;sites/000185/WebAgency/Lists/BBS Contracts
0085;WebAS, AUT%MA-0085-ROS%02, Intranet;;;Intranet;various;WebCM;AUT#MA-0085-ROS#02;EMEA (ohne DE);Marcel Knoll;Marcel Knoll;Element;sites/000185/WebAgency/Lists/BBS Contracts
0085;WebAS, AUT%MA-0085-ROS%01, Internet;10064817;;Internet;various;WebCM;AUT#MA-0085-ROS#01;EMEA (ohne DE);Marcel Knoll;Marcel Knoll;Element;sites/000185/WebAgency/Lists/BBS Contracts
1922;WebAS, AUT%LV-1922-BHC%02, Intranet;;;Intranet;various;WebCM;AUT#LV-1922-BHC#02;EMEA (ohne DE);Marcel Knoll;Marcel Knoll;Element;sites/000185/WebAgency/Lists/BBS Contracts
1922;WebAS, AUT%LV-1922-BHC%01, Internet;10064815;;Internet;various;WebCM;AUT#LV-1922-BHC#01;EMEA (ohne DE);Marcel Knoll;Marcel Knoll;Element;sites/000185/WebAgency/Lists/BBS Contracts
1545;WebAS, AUT%KZ-1545-BCS-TOO-BAYER_KAZ%02, Intranet;;;Intranet;various;WebCM;AUT#KZ-1545-BCS-TOO-BAYER_KAZ#02;EMEA (ohne DE);Marcel Knoll;Marcel Knoll;Element;sites/000185/WebAgency/Lists/BBS Contracts
1545;WebAS, AUT%KZ-1545-BCS-TOO-BAYER_KAZ%01, Internet;10064769;;Internet;various;WebCM;AUT#KZ-1545-BCS-TOO-BAYER_KAZ#01;EMEA (ohne DE);Marcel Knoll;Marcel Knoll;Element;sites/000185/WebAgency/Lists/BBS Contracts
0695;WebAS, AUT%KR-0695-ROS-BAYER-KOREA-LTD%02, Intranet;10064937;;Intranet;various;WebCM;AUT#KR-0695-ROS-BAYER-KOREA-LTD#02;EMEA (ohne DE);Marcel Knoll;Marcel Knoll;Element;sites/000185/WebAgency/Lists/BBS Contracts
0695;WebAS, AUT%KR-0695-ROS-BAYER-KOREA-LTD%01, Internet;10064813;;Internet;various;WebCM;AUT#KR-0695-ROS-BAYER-KOREA-LTD#01;EMEA (ohne DE);Marcel Knoll;Marcel Knoll;Element;sites/000185/WebAgency/Lists/BBS Contracts
1697;WebAS, AUT%JP-1697-BAG%02, Intranet;10064935;;Intranet;various;WebCM;AUT#JP-1697-BAG#02;EMEA (ohne DE);Marcel Knoll;Marcel Knoll;Element;sites/000185/WebAgency/Lists/BBS Contracts
1697;WebAS, AUT%JP-1697-BAG%01, Internet;10064811;;Internet;various;WebCM;AUT#JP-1697-BAG#01;EMEA (ohne DE);Marcel Knoll;Marcel Knoll;Element;sites/000185/WebAgency/Lists/BBS Contracts
0134;WebAS, AUT%JP-0134-BCS%02, Intranet;;;Intranet;various;WebCM;AUT#JP-0134-BCS#02;EMEA (ohne DE);Marcel Knoll;Marcel Knoll;Element;sites/000185/WebAgency/Lists/BBS Contracts
0134;WebAS, AUT%JP-0134-BCS%01, Internet;10064809;;Internet;various;WebCM;AUT#JP-0134-BCS#01;EMEA (ohne DE);Marcel Knoll;Marcel Knoll;Element;sites/000185/WebAgency/Lists/BBS Contracts
0094;WebAS, AUT%JP-0094-BHC-BAYER-YAKUHIN-LTD%02, Intranet;10064935;;Intranet;various;WebCM;AUT#JP-0094-BHC-BAYER-YAKUHIN-LTD#02;EMEA (ohne DE);Marcel Knoll;Marcel Knoll;Element;sites/000185/WebAgency/Lists/BBS Contracts
0094;WebAS, AUT%JP-0094-BHC-BAYER-YAKUHIN-LTD%01, Internet;10064811;;Internet;various;WebCM;AUT#JP-0094-BHC-BAYER-YAKUHIN-LTD#01;EMEA (ohne DE);Marcel Knoll;Marcel Knoll;Element;sites/000185/WebAgency/Lists/BBS Contracts
0185;WebAS, AUT%IT-0185-ROS-BAYER-S-P-A%02, Intranet;10064931;;Intranet;various;WebCM;AUT#IT-0185-ROS-BAYER-S-P-A#02;EMEA (ohne DE);Marcel Knoll;Marcel Knoll;Element;sites/000185/WebAgency/Lists/BBS Contracts
0185;WebAS, AUT%IT-0185-ROS-BAYER-S-P-A%01, Internet;10064805;;Internet;various;WebCM;AUT#IT-0185-ROS-BAYER-S-P-A#01;EMEA (ohne DE);Marcel Knoll;Marcel Knoll;Element;sites/000185/WebAgency/Lists/BBS Contracts
1720;WebAS, AUT%IL-1720-ROS-BAYER-ISRAEL-LTD%02, Intranet;;;Intranet;various;WebCM;AUT#IL-1720-ROS-BAYER-ISRAEL-LTD#02;EMEA (ohne DE);Marcel Knoll;Marcel Knoll;Element;sites/000185/WebAgency/Lists/BBS Contracts
1720;WebAS, AUT%IL-1720-ROS-BAYER-ISRAEL-LTD%01, Internet;10064803;;Internet;various;WebCM;AUT#IL-1720-ROS-BAYER-ISRAEL-LTD#01;EMEA (ohne DE);Marcel Knoll;Marcel Knoll;Element;sites/000185/WebAgency/Lists/BBS Contracts
0184;WebAS, AUT%IE-0184-BHC%02, Intranet;;;Intranet;various;WebCM;AUT#IE-0184-BHC#02;EMEA (ohne DE);Marcel Knoll;Marcel Knoll;Element;sites/000185/WebAgency/Lists/BBS Contracts
0184;WebAS, AUT%IE-0184-BHC%01, Internet;10064801;;Internet;various;WebCM;AUT#IE-0184-BHC#01;EMEA (ohne DE);Marcel Knoll;Marcel Knoll;Element;sites/000185/WebAgency/Lists/BBS Contracts
0061;WebAS, AUT%ID-0061-ROS-PT-BAYER-INDONESIA%02, Intranet;;;Intranet;various;WebCM;AUT#ID-0061-ROS-PT-BAYER-INDONESIA#02;EMEA (ohne DE);Marcel Knoll;Marcel Knoll;Element;sites/000185/WebAgency/Lists/BBS Contracts
0061;WebAS, AUT%ID-0061-ROS-PT-BAYER-INDONESIA%01, Internet;10064799;;Internet;various;WebCM;AUT#ID-0061-ROS-PT-BAYER-INDONESIA#01;EMEA (ohne DE);Marcel Knoll;Marcel Knoll;Element;sites/000185/WebAgency/Lists/BBS Contracts
0788;WebAS, AUT%HU-0788-ROS-BAYER-HUNGARIA-KFT%02, Intranet;;;Intranet;various;WebCM;AUT#HU-0788-ROS-BAYER-HUNGARIA-KFT#02;EMEA (ohne DE);Marcel Knoll;Marcel Knoll;Element;sites/000185/WebAgency/Lists/BBS Contracts
0788;WebAS, AUT%HU-0788-ROS-BAYER-HUNGARIA-KFT%01, Internet;10064797;;Internet;various;WebCM;AUT#HU-0788-ROS-BAYER-HUNGARIA-KFT#01;EMEA (ohne DE);Marcel Knoll;Marcel Knoll;Element;sites/000185/WebAgency/Lists/BBS Contracts
1395;WebAS, AUT%HR-1395-ROS%02, Intranet;10064929;;Intranet;various;WebCM;AUT#HR-1395-ROS#02;EMEA (ohne DE);Marcel Knoll;Marcel Knoll;Element;sites/000185/WebAgency/Lists/BBS Contracts
1395;WebAS, AUT%HR-1395-ROS%01, Internet;10064795;;Internet;various;WebCM;AUT#HR-1395-ROS#01;EMEA (ohne DE);Marcel Knoll;Marcel Knoll;Element;sites/000185/WebAgency/Lists/BBS Contracts
1038;WebAS, AUT%HK-1038-BHC%02, Intranet;;;Intranet;various;WebCM;AUT#HK-1038-BHC#02;EMEA (ohne DE);Marcel Knoll;Marcel Knoll;Element;sites/000185/WebAgency/Lists/BBS Contracts
1038;WebAS, AUT%HK-1038-BHC%01, Internet;10064793;;Internet;various;WebCM;AUT#HK-1038-BHC#01;EMEA (ohne DE);Marcel Knoll;Marcel Knoll;Element;sites/000185/WebAgency/Lists/BBS Contracts
0167;WebAS, AUT%GT-0167-BGP%02, Intranet;;;Intranet;various;WebCM;AUT#GT-0167-BGP#02;EMEA (ohne DE);Marcel Knoll;Marcel Knoll;Element;sites/000185/WebAgency/Lists/BBS Contracts
0167;WebAS, AUT%GT-0167-BGP%01, Internet;10064791;;Internet;various;WebCM;AUT#GT-0167-BGP#01;EMEA (ohne DE);Marcel Knoll;Marcel Knoll;Element;sites/000185/WebAgency/Lists/BBS Contracts
0180;WebAS, AUT%GR-0180-BHC%02, Intranet;10064927;;Intranet;various;WebCM;AUT#GR-0180-BHC#02;EMEA (ohne DE);Marcel Knoll;Marcel Knoll;Element;sites/000185/WebAgency/Lists/BBS Contracts
0180;WebAS, AUT%GR-0180-BHC%01, Internet;10064789;;Internet;various;WebCM;AUT#GR-0180-BHC#01;EMEA (ohne DE);Marcel Knoll;Marcel Knoll;Element;sites/000185/WebAgency/Lists/BBS Contracts
0203;WebAS, AUT%GB-0203-BHC%02, Intranet;10064925;;Intranet;various;WebCM;AUT#GB-0203-BHC#02;EMEA (ohne DE);Marcel Knoll;Marcel Knoll;Element;sites/000185/WebAgency/Lists/BBS Contracts
0203;WebAS, AUT%GB-0203-BHC%01, Internet;10064787;;Internet;various;WebCM;AUT#GB-0203-BHC#01;EMEA (ohne DE);Marcel Knoll;Marcel Knoll;Element;sites/000185/WebAgency/Lists/BBS Contracts
0190;WebAS, AUT%FR-0190-BHC%02, Intranet;10064923;;Intranet;various;WebCM;AUT#FR-0190-BHC#02;EMEA (ohne DE);Marcel Knoll;Marcel Knoll;Element;sites/000185/WebAgency/Lists/BBS Contracts
0190;WebAS, AUT%FR-0190-BHC%01, Internet;10064785;;Internet;various;WebCM;AUT#FR-0190-BHC#01;EMEA (ohne DE);Marcel Knoll;Marcel Knoll;Element;sites/000185/WebAgency/Lists/BBS Contracts
2174;WebAS, AUT%FI-2174-BHC%02, Intranet;10064921;;Intranet;various;WebCM;AUT#FI-2174-BHC#02;EMEA (ohne DE);Marcel Knoll;Marcel Knoll;Element;sites/000185/WebAgency/Lists/BBS Contracts
2174;WebAS, AUT%FI-2174-BHC%01, Internet;10064783;;Internet;various;WebCM;AUT#FI-2174-BHC#01;EMEA (ohne DE);Marcel Knoll;Marcel Knoll;Element;sites/000185/WebAgency/Lists/BBS Contracts
0267;WebAS, AUT%ES-0267-BHC%02, Intranet;10064919;;Intranet;various;WebCM;AUT#ES-0267-BHC#02;EMEA (ohne DE);Marcel Knoll;Marcel Knoll;Element;sites/000185/WebAgency/Lists/BBS Contracts
0267;WebAS, AUT%ES-0267-BHC%01, Internet;10064781;;Internet;various;WebCM;AUT#ES-0267-BHC#01;EMEA (ohne DE);Marcel Knoll;Marcel Knoll;Element;sites/000185/WebAgency/Lists/BBS Contracts
0176;WebAS, AUT%EC-0176-ROS-BAYER-S-A%02, Intranet;;;Intranet;various;WebCM;AUT#EC-0176-ROS-BAYER-S-A#02;EMEA (ohne DE);Marcel Knoll;Marcel Knoll;Element;sites/000185/WebAgency/Lists/BBS Contracts
0176;WebAS, AUT%EC-0176-ROS-BAYER-S-A%01, Internet;10064771;;Internet;various;WebCM;AUT#EC-0176-ROS-BAYER-S-A#01;EMEA (ohne DE);Marcel Knoll;Marcel Knoll;Element;sites/000185/WebAgency/Lists/BBS Contracts
0425;WebAS, AUT%DK-0425-BHC%02, Intranet;;;Intranet;various;WebCM;AUT#DK-0425-BHC#02;EMEA (ohne DE);Marcel Knoll;Marcel Knoll;Element;sites/000185/WebAgency/Lists/BBS Contracts
0425;WebAS, AUT%DK-0425-BHC%01, Internet;10064761;;Internet;various;WebCM;AUT#DK-0425-BHC#01;EMEA (ohne DE);Marcel Knoll;Marcel Knoll;Element;sites/000185/WebAgency/Lists/BBS Contracts
2031;WebAS, AUT%DE-2031-BHC-BAYER-WEIMAR%02, Intranet;10065012;;Intranet;various;WebCM;-;Deutschland;Marcel Knoll;Marcel Knoll;Element;sites/000185/WebAgency/Lists/BBS Contracts
2031;WebAS, AUT%DE-2031-BHC-BAYER-WEIMAR%01, Internet;10065011;;Internet;various;WebCM;-;Deutschland;Marcel Knoll;Marcel Knoll;Element;sites/000185/WebAgency/Lists/BBS Contracts
2030;WebAS, AUT%DE-2030-BHC-JENAPHARM-JENA%02, Intranet;10065008;;Intranet;various;WebCM;-;Deutschland;Marcel Knoll;Marcel Knoll;Element;sites/000185/WebAgency/Lists/BBS Contracts
2030;WebAS, AUT%DE-2030-BHC-JENAPHARM-JENA%01, Internet;10065007;;Internet;various;WebCM;-;Deutschland;Marcel Knoll;Marcel Knoll;Element;sites/000185/WebAgency/Lists/BBS Contracts
2001;WebAS, AUT%DE-2001-BHC-DS_BPH%02, Intranet, various;;23,5;Intranet;various;WebCM;;Deutschland;Marcel Knoll;Stefanie Eickemeyer;Element;sites/000185/WebAgency/Lists/BBS Contracts
2001;WebAS, AUT%DE-2001-BHC-DS_BPH%02, Intranet, PS-Procurement;;23,5;Intranet;PS-Procurement;COM;;Deutschland;Marcel Knoll;Stefanie Eickemeyer;Element;sites/000185/WebAgency/Lists/BBS Contracts
2001;WebAS, AUT%DE-2001-BHC-DS_BPH%02, Intranet, PS-Home;;23,5;Intranet;PS-Home;COM;;Deutschland;Marcel Knoll;Stefanie Eickemeyer;Element;sites/000185/WebAgency/Lists/BBS Contracts
2001;WebAS, AUT%DE-2001-BHC-DS_BPH%02, Intranet, PS-Berlin;;23,5;Intranet;PS-Berlin;COM;;Deutschland;Marcel Knoll;Stefanie Eickemeyer;Element;sites/000185/WebAgency/Lists/BBS Contracts
2001;WebAS, AUT%DE-2001-BHC-DS_BPH%02, Intranet, PS-API;;23,5;Intranet;PS-API;COM;;Deutschland;Marcel Knoll;Stefanie Eickemeyer;Element;sites/000185/WebAgency/Lists/BBS Contracts
2001;WebAS, AUT%DE-2001-BHC-DS_BPH%02, Intranet, PH-Xarelto;;23,5;Intranet;PH-Xarelto;WebCM;;Deutschland;Marcel Knoll;Stefanie Eickemeyer;Element;sites/000185/WebAgency/Lists/BBS Contracts
2001;WebAS, AUT%DE-2001-BHC-DS_BPH%02, Intranet, PH-Wuppertal;;23,5;Intranet;PH-Wuppertal;WebA;;Deutschland;Marcel Knoll;Stefanie Eickemeyer;Element;sites/000185/WebAgency/Lists/BBS Contracts
2001;WebAS, AUT%DE-2001-BHC-DS_BPH%02, Intranet, PH-Ventavis;;23,5;Intranet;PH-Ventavis;WebCM;;Deutschland;Marcel Knoll;Stefanie Eickemeyer;Element;sites/000185/WebAgency/Lists/BBS Contracts
2001;WebAS, AUT%DE-2001-BHC-DS_BPH%02, Intranet, PH-Strategic Marketing;;23,5;Intranet;PH-Strategic Marketing;WebCM;;Deutschland;Marcel Knoll;Stefanie Eickemeyer;Element;sites/000185/WebAgency/Lists/BBS Contracts
2001;WebAS, AUT%DE-2001-BHC-DS_BPH%02, Intranet, PH-Standortsicherheit;;23,5;Intranet;PH-Standortsicherheit;WebA;;Deutschland;Marcel Knoll;Stefanie Eickemeyer;Element;sites/000185/WebAgency/Lists/BBS Contracts
2001;WebAS, AUT%DE-2001-BHC-DS_BPH%02, Intranet, PH-Sivextro;;23,5;Intranet;PH-Sivextro;WebCM;;Deutschland;Marcel Knoll;Stefanie Eickemeyer;Element;sites/000185/WebAgency/Lists/BBS Contracts
2001;WebAS, AUT%DE-2001-BHC-DS_BPH%02, Intranet, PH-Nebido;;23,5;Intranet;PH-Nebido;WebCM;;Deutschland;Marcel Knoll;Stefanie Eickemeyer;Element;sites/000185/WebAgency/Lists/BBS Contracts
2001;WebAS, AUT%DE-2001-BHC-DS_BPH%02, Intranet, PH-MO;;23,5;Intranet;PH-MO;WebCM;;Deutschland;Marcel Knoll;Stefanie Eickemeyer;Element;sites/000185/WebAgency/Lists/BBS Contracts
2001;WebAS, AUT%DE-2001-BHC-DS_BPH%02, Intranet, PH-Medical Affairs;;23,5;Intranet;PH-Medical Affairs;COM;;Deutschland;Marcel Knoll;Stefanie Eickemeyer;Element;sites/000185/WebAgency/Lists/BBS Contracts
2001;WebAS, AUT%DE-2001-BHC-DS_BPH%02, Intranet, PH-iWHC;;23,5;Intranet;PH-iWHC;WebCM;;Deutschland;Marcel Knoll;Stefanie Eickemeyer;Element;sites/000185/WebAgency/Lists/BBS Contracts
2001;WebAS, AUT%DE-2001-BHC-DS_BPH%02, Intranet, PH-Home;;23,5;Intranet;PH-Home;COM;;Deutschland;Marcel Knoll;Stefanie Eickemeyer;Element;sites/000185/WebAgency/Lists/BBS Contracts
2001;WebAS, AUT%DE-2001-BHC-DS_BPH%02, Intranet, PH-GED;;23,5;Intranet;PH-GED;COM;;Deutschland;Marcel Knoll;Stefanie Eickemeyer;Element;sites/000185/WebAgency/Lists/BBS Contracts
2001;WebAS, AUT%DE-2001-BHC-DS_BPH%02, Intranet, PH-FM-Berlin;;23,5;Intranet;PH-FM-Berlin;WebA;;Deutschland;Marcel Knoll;Stefanie Eickemeyer;Element;sites/000185/WebAgency/Lists/BBS Contracts
2001;WebAS, AUT%DE-2001-BHC-DS_BPH%02, Intranet, PH-D;;23,5;Intranet;PH-D;COM;;Deutschland;Marcel Knoll;Stefanie Eickemeyer;Element;sites/000185/WebAgency/Lists/BBS Contracts
2001;WebAS, AUT%DE-2001-BHC-DS_BPH%02, Intranet, PH-Cipro DPI;;23,5;Intranet;PH-Cipro DPI;WebCM;;Deutschland;Marcel Knoll;Stefanie Eickemeyer;Element;sites/000185/WebAgency/Lists/BBS Contracts
2001;WebAS, AUT%DE-2001-BHC-DS_BPH%02, Intranet, PH-Amikacin Inhale;;23,5;Intranet;PH-Amikacin Inhale;WebCM;;Deutschland;Marcel Knoll;Stefanie Eickemeyer;Element;sites/000185/WebAgency/Lists/BBS Contracts
2001;WebAS, AUT%DE-2001-BHC-DS_BPH%02, Intranet, PH-Adempas;;23,5;Intranet;PH-Adempas;WebCM;;Deutschland;Marcel Knoll;Stefanie Eickemeyer;Element;sites/000185/WebAgency/Lists/BBS Contracts
2001;WebAS, AUT%DE-2001-BHC-DS_BPH%02, Intranet, Pelikan;;23,5;Intranet;Pelikan;COM;;Deutschland;Marcel Knoll;Stefanie Eickemeyer;Element;sites/000185/WebAgency/Lists/BBS Contracts
2001;WebAS, AUT%DE-2001-BHC-DS_BPH%02, Intranet, myNetworld;;23,5;Intranet;myNetworld;COM;;Deutschland;Marcel Knoll;Stefanie Eickemeyer;Element;sites/000185/WebAgency/Lists/BBS Contracts
2001;WebAS, AUT%DE-2001-BHC-DS_BPH%02, Intranet, MC-Home;;23,5;Intranet;MC-Home;COM;;Deutschland;Marcel Knoll;Stefanie Eickemeyer;Element;sites/000185/WebAgency/Lists/BBS Contracts
2001;WebAS, AUT%DE-2001-BHC-DS_BPH%02, Intranet, GRDI - Newsroom;;23,5;Intranet;GRDI - Newsroom;WebA;;Deutschland;Marcel Knoll;Stefanie Eickemeyer;Element;sites/000185/WebAgency/Lists/BBS Contracts
2001;WebAS, AUT%DE-2001-BHC-DS_BPH%02, Intranet, GRDI - MediaMonitor;;23,5;Intranet;GRDI - MediaMonitor;WebA;;Deutschland;Marcel Knoll;Stefanie Eickemeyer;Element;sites/000185/WebAgency/Lists/BBS Contracts
2001;WebAS, AUT%DE-2001-BHC-DS_BPH%02, Intranet, GRDI - Apps;;23,5;Intranet;GRDI - Apps;WebA;;Deutschland;Marcel Knoll;Stefanie Eickemeyer;Element;sites/000185/WebAgency/Lists/BBS Contracts
2001;WebAS, AUT%DE-2001-BHC-DS_BPH%02, Intranet, GRDI - AlertsnRequests;;23,5;Intranet;GRDI - AlertsnRequests;WebA;;Deutschland;Marcel Knoll;Stefanie Eickemeyer;Element;sites/000185/WebAgency/Lists/BBS Contracts
2001;WebAS, AUT%DE-2001-BHC-DS_BPH%02, Intranet, CO-EMEA;;23,5;Intranet;CO-EMEA;COM;;Deutschland;Marcel Knoll;Stefanie Eickemeyer;Element;sites/000185/WebAgency/Lists/BBS Contracts
2001;WebAS, AUT%DE-2001-BHC-DS_BPH%02, Intranet, BSP-SSI;;23,5;Intranet;BSP-SSI;WebA;;Deutschland;Marcel Knoll;Stefanie Eickemeyer;Element;sites/000185/WebAgency/Lists/BBS Contracts
2001;WebAS, AUT%DE-2001-BHC-DS_BPH%02, Intranet, BSP-MCB;;23,5;Intranet;BSP-MCB;WebCM;;Deutschland;Marcel Knoll;Stefanie Eickemeyer;Element;sites/000185/WebAgency/Lists/BBS Contracts
2001;WebAS, AUT%DE-2001-BHC-DS_BPH%02, Intranet, BSP-Legal;;23,5;Intranet;BSP-Legal;COM;;Deutschland;Marcel Knoll;Stefanie Eickemeyer;Element;sites/000185/WebAgency/Lists/BBS Contracts
2001;WebAS, AUT%DE-2001-BHC-DS_BPH%02, Intranet, BSP-IMI;;23,5;Intranet;BSP-IMI;COM;;Deutschland;Marcel Knoll;Stefanie Eickemeyer;Element;sites/000185/WebAgency/Lists/BBS Contracts
2001;WebAS, AUT%DE-2001-BHC-DS_BPH%02, Intranet, BSP-Ideen;;23,5;Intranet;BSP-Ideen;WebA;;Deutschland;Marcel Knoll;Stefanie Eickemeyer;Element;sites/000185/WebAgency/Lists/BBS Contracts
2001;WebAS, AUT%DE-2001-BHC-DS_BPH%02, Intranet, BSP-GRA;;23,5;Intranet;BSP-GRA;COM;;Deutschland;Marcel Knoll;Stefanie Eickemeyer;Element;sites/000185/WebAgency/Lists/BBS Contracts
2001;WebAS, AUT%DE-2001-BHC-DS_BPH%02, Intranet, BSP-GPV;;23,5;Intranet;BSP-GPV;COM;;Deutschland;Marcel Knoll;Stefanie Eickemeyer;Element;sites/000185/WebAgency/Lists/BBS Contracts
2001;WebAS, AUT%DE-2001-BHC-DS_BPH%02, Intranet, BSP-Global-CPD;;23,5;Intranet;BSP-Global-CPD ;COM;;Deutschland;Marcel Knoll;Stefanie Eickemeyer;Element;sites/000185/WebAgency/Lists/BBS Contracts
2001;WebAS, AUT%DE-2001-BHC-DS_BPH%02, Intranet, BSP-GBD;;23,5;Intranet;BSP-GBD;COM;;Deutschland;Marcel Knoll;Stefanie Eickemeyer;Element;sites/000185/WebAgency/Lists/BBS Contracts
2001;WebAS, AUT%DE-2001-BHC-DS_BPH%02, Intranet, BSP-FCB;;23,5;Intranet;BSP-FCB ;WebA;;Deutschland;Marcel Knoll;Stefanie Eickemeyer;Element;sites/000185/WebAgency/Lists/BBS Contracts
2001;WebAS, AUT%DE-2001-BHC-DS_BPH%02, Intranet, BSP-EPI;;23,5;Intranet;BSP-EPI;COM;;Deutschland;Marcel Knoll;Stefanie Eickemeyer;Element;sites/000185/WebAgency/Lists/BBS Contracts
2001;WebAS, AUT%DE-2001-BHC-DS_BPH%02, Intranet, BSP-EIVS;;23,5;Intranet;BSP-EIVS;COM;;Deutschland;Marcel Knoll;Stefanie Eickemeyer;Element;sites/000185/WebAgency/Lists/BBS Contracts
2001;WebAS, AUT%DE-2001-BHC-DS_BPH%02, Intranet, BSP-DI;;23,5;Intranet;BSP-DI;COM;;Deutschland;Marcel Knoll;Stefanie Eickemeyer;Element;sites/000185/WebAgency/Lists/BBS Contracts
2001;WebAS, AUT%DE-2001-BHC-DS_BPH%02, Intranet, BSP-Compliance;;23,5;Intranet;BSP-Compliance;COM;;Deutschland;Marcel Knoll;Stefanie Eickemeyer;Element;sites/000185/WebAgency/Lists/BBS Contracts
2001;WebAS, AUT%DE-2001-BHC-DS_BPH%02, Intranet, BSP-BRB;;23,5;Intranet;BSP-BRB;WebA;;Deutschland;Marcel Knoll;Stefanie Eickemeyer;Element;sites/000185/WebAgency/Lists/BBS Contracts
2001;WebAS, AUT%DE-2001-BHC-DS_BPH%02, Intranet, BSP-BK;;23,5;Intranet;BSP-BK;COM;;Deutschland;Marcel Knoll;Stefanie Eickemeyer;Element;sites/000185/WebAgency/Lists/BBS Contracts
2001;WebAS, AUT%DE-2001-BHC-DS_BPH%02, Intranet, BSP-BG;;23,5;Intranet;BSP-BG ;WebA;;Deutschland;Marcel Knoll;Stefanie Eickemeyer;Element;sites/000185/WebAgency/Lists/BBS Contracts
2001;WebAS, AUT%DE-2001-BHC-DS_BPH%02, Intranet, BSP-BD;;23,5;Intranet;BSP-BD;WebA;;Deutschland;Marcel Knoll;Stefanie Eickemeyer;Element;sites/000185/WebAgency/Lists/BBS Contracts
2001;WebAS, AUT%DE-2001-BHC-DS_BPH%02, Intranet, BSP-AW;;23,5;Intranet;BSP-AW;COM;;Deutschland;Marcel Knoll;Stefanie Eickemeyer;Element;sites/000185/WebAgency/Lists/BBS Contracts
2001;WebAS, AUT%DE-2001-BHC-DS_BPH%02, Intranet, BSP-AUB;;23,5;Intranet;BSP-AUB;WebA;;Deutschland;Marcel Knoll;Stefanie Eickemeyer;Element;sites/000185/WebAgency/Lists/BBS Contracts
2001;WebAS, AUT%DE-2001-BHC-DS_BPH%02, Intranet, BSP-ADJ;;23,5;Intranet;BSP-ADJ ;WebA;;Deutschland;Marcel Knoll;Stefanie Eickemeyer;Element;sites/000185/WebAgency/Lists/BBS Contracts
2001;WebAS, AUT%DE-2001-BHC-DS_BPH%02, Intranet, BHC-Radiology-and-Interventional;;23,5;Intranet;BHC-Radiology-and-Interventional;COM;;Deutschland;Marcel Knoll;Stefanie Eickemeyer;Element;sites/000185/WebAgency/Lists/BBS Contracts
2001;WebAS, AUT%DE-2001-BHC-DS_BPH%02, Intranet, BHC-R_I-Purpose;;23,5;Intranet;BHC-R_I-Purpose;COM;;Deutschland;Marcel Knoll;Stefanie Eickemeyer;Element;sites/000185/WebAgency/Lists/BBS Contracts
2001;WebAS, AUT%DE-2001-BHC-DS_BPH%02, Intranet, BHC-P2P;;23,5;Intranet;BHC-P2P;WebA;;Deutschland;Marcel Knoll;Stefanie Eickemeyer;Element;sites/000185/WebAgency/Lists/BBS Contracts
2001;WebAS, AUT%DE-2001-BHC-DS_BPH%02, Intranet, BHC-MX;;23,5;Intranet;BHC-MX;WebCM;;Deutschland;Marcel Knoll;Stefanie Eickemeyer;Element;sites/000185/WebAgency/Lists/BBS Contracts
2001;WebAS, AUT%DE-2001-BHC-DS_BPH%02, Intranet, BHC-MCM;;23,5;Intranet;BHC-MCM;COM;;Deutschland;Marcel Knoll;Stefanie Eickemeyer;Element;sites/000185/WebAgency/Lists/BBS Contracts
2001;WebAS, AUT%DE-2001-BHC-DS_BPH%02, Intranet, BHC-BGM;;23,5;Intranet;BHC-BGM;COM;;Deutschland;Marcel Knoll;Stefanie Eickemeyer;Element;sites/000185/WebAgency/Lists/BBS Contracts
2001;WebAS, AUT%DE-2001-BHC-DS_BPH%02, Intranet, BAG-CLM;;23,5;Intranet;BAG-CLM;COM;;Deutschland;Marcel Knoll;Stefanie Eickemeyer;Element;sites/000185/WebAgency/Lists/BBS Contracts
2001;WebAS, AUT%DE-2001-BHC-DS_BPH%02, Intranet, BAG-CA;;23,5;Intranet;BAG-CA;COM;;Deutschland;Marcel Knoll;Stefanie Eickemeyer;Element;sites/000185/WebAgency/Lists/BBS Contracts
2001;WebAS, AUT%DE-2001-BHC-DS_BPH%02, Intranet, abcs;;23,5;Intranet;abcs;WebA;;Deutschland;Marcel Knoll;Stefanie Eickemeyer;Element;sites/000185/WebAgency/Lists/BBS Contracts
2001;WebAS, AUT%DE-2001-BHC-DS_BPH%01, Internet, various;;23,5;Internet;various;WebCM;;Deutschland;Marcel Knoll;Stefanie Eickemeyer;Element;sites/000185/WebAgency/Lists/BBS Contracts
2000;WebAS, AUT%DE-2000-BAG-WORKPLACE%02, Intranet;;;Intranet;ACC-Connections;COM;;Deutschland;Marcel Knoll;Stefanie Eickemeyer;Element;sites/000185/WebAgency/Lists/BBS Contracts
2000;WebAS, AUT%DE-2000-BAG-WORKPLACE%02, Intranet;;;Intranet;BAG CorpCompliance;COM;;Deutschland;Marcel Knoll;Stefanie Eickemeyer;Element;sites/000185/WebAgency/Lists/BBS Contracts
2000;WebAS, AUT%DE-2000-BAG-WORKPLACE%02, Intranet;;;Intranet;BAG-GAC;COM;;Deutschland;Marcel Knoll;Stefanie Eickemeyer;Element;sites/000185/WebAgency/Lists/BBS Contracts
2000;WebAS, AUT%DE-2000-BAG-WORKPLACE%02, Intranet;;;Intranet;BayerNet;COM;;Deutschland;Marcel Knoll;Stefanie Eickemeyer;Element;sites/000185/WebAgency/Lists/BBS Contracts
2000;WebAS, AUT%DE-2000-BAG-WORKPLACE%02, Intranet;;;Intranet;BIP-Intranet;COM;;Deutschland;Marcel Knoll;Stefanie Eickemeyer;Element;sites/000185/WebAgency/Lists/BBS Contracts
1829;WebAS, AUT%DE-1829-BAG-BIP%02, Intranet;10064968;;Intranet;various;WebCM;-;Deutschland;Marcel Knoll;Marcel Knoll;Element;sites/000185/WebAgency/Lists/BBS Contracts
1829;WebAS, AUT%DE-1829-BAG-BIP%01, Internet;10066378;;Internet;various;WebCM;-;Deutschland;Marcel Knoll;Marcel Knoll;Element;sites/000185/WebAgency/Lists/BBS Contracts
1582;WebAS, AUT%DE-1582-BHC-AH_MON%01, Internet;10076692;23,5;Internet;various;WebCM;EOUE00011622;Deutschland;Marcel Knoll;Stefanie Eickemeyer;Element;sites/000185/WebAgency/Lists/BBS Contracts
1546;WebAS, AUT%DE-1546-BHC-GP-GRENZACH-PRODUKTIONS-GMBH%02, Intranet;10064966;;Intranet;various;WebCM;-;Deutschland;Marcel Knoll;Marcel Knoll;Element;sites/000185/WebAgency/Lists/BBS Contracts
1546;WebAS, AUT%DE-1546-BHC-GP-GRENZACH-PRODUKTIONS-GMBH%01, Internet;10064965;;Internet;various;WebCM;-;Deutschland;Marcel Knoll;Marcel Knoll;Element;sites/000185/WebAgency/Lists/BBS Contracts
1252;WebAS, AUT%DE-1252-BTS-DS_BTS%02, Intranet;;;Intranet;various;WebCM;-;Deutschland;Marcel Knoll;Marcel Knoll;Element;sites/000185/WebAgency/Lists/BBS Contracts
1252;WebAS, AUT%DE-1252-BTS-DS_BTS%01, Internet;10064979;;Internet;various;WebCM;-;Deutschland;Marcel Knoll;Marcel Knoll;Element;sites/000185/WebAgency/Lists/BBS Contracts
1230;WebAS, AUT%DE-1230-BCS-BAYER-CROPSCIENCE-AG%02, Intranet;10073123;;Intranet;various;WebCM;EOUE00006045;Deutschland;Marcel Knoll;Marcel Knoll;Element;sites/000185/WebAgency/Lists/BBS Contracts
0932;WebAS, AUT%DE-0932-BHC-BAYER-VITAL-GMBH%01, Internet;10073802;40;Internet;various;WebCM;OLUE00003698;Deutschland;Marcel Knoll;Stefanie Eickemeyer;Element;sites/000185/WebAgency/Lists/BBS Contracts
0522;WebAS, AUT%DE-0522-CUR-BAYER-GASTRONOMIE-GMBH%01, Internet;;;Internet;various;WebA;-;Deutschland;Marcel Knoll;Marcel Knoll;Element;sites/000185/WebAgency/Lists/BBS Contracts
0482;WebAS, AUT%DE-0482-BAG-DS_BRE%02, Intranet;10064913;;Intranet;various;WebCM;-;Deutschland;Marcel Knoll;Marcel Knoll;Element;sites/000185/WebAgency/Lists/BBS Contracts
0482;WebAS, AUT%DE-0482-BAG-DS_BRE%01, Internet;;;Internet;various;WebCM;-;Deutschland;Marcel Knoll;Marcel Knoll;Element;sites/000185/WebAgency/Lists/BBS Contracts
0347;WebAS, AUT%DE-0347-ROS-BAYER-BITTERFELD-GMBH%02, Intranet;;;Intranet;various;WebCM;-;Deutschland;Marcel Knoll;Marcel Knoll;Element;sites/000185/WebAgency/Lists/BBS Contracts
0347;WebAS, AUT%DE-0347-ROS-BAYER-BITTERFELD-GMBH%01, Internet;10064910;;Internet;various;WebCM;-;Deutschland;Marcel Knoll;Marcel Knoll;Element;sites/000185/WebAgency/Lists/BBS Contracts
0032;WebAS, AUT%DE-0032-BHC-DS%02, Intranet;;;Intranet;various;WebCM;;Deutschland;Marcel Knoll;Marcel Knoll;Element;sites/000185/WebAgency/Lists/BBS Contracts
0032;WebAS, AUT%DE-0032-BHC-DS%01, Internet;;;Internet;various;WebCM;;Deutschland;Marcel Knoll;Stefanie Eickemeyer;Element;sites/000185/WebAgency/Lists/BBS Contracts
0807;WebAS, AUT%CZ-0807-ROS%02, Intranet;10064901;;Intranet;various;WebCM;AUT#CZ-0807-ROS#02;EMEA (ohne DE);Marcel Knoll;Marcel Knoll;Element;sites/000185/WebAgency/Lists/BBS Contracts
0807;WebAS, AUT%CZ-0807-ROS%01, Internet;10064779;;Internet;various;WebCM;AUT#CZ-0807-ROS#01;EMEA (ohne DE);Marcel Knoll;Marcel Knoll;Element;sites/000185/WebAgency/Lists/BBS Contracts
1321;WebAS, AUT%CO-1321-BHC%02, Intranet;;;Intranet;various;WebCM;AUT#CO-1321-BHC#02;Lateinamerika;Marcel Knoll;Marcel Knoll;Element;sites/000185/WebAgency/Lists/BBS Contracts
1321;WebAS, AUT%CO-1321-BHC%01, Internet;10064899;;Internet;various;WebCM;AUT#CO-1321-BHC#01;Lateinamerika;Marcel Knoll;Marcel Knoll;Element;sites/000185/WebAgency/Lists/BBS Contracts
1391;WebAS, AUT%CN-1391-BCS%02, Intranet;10064895;;Intranet;various;WebCM;AUT#CN-1391-BCS#02;Asien / Pazifik;Marcel Knoll;Marcel Knoll;Element;sites/000185/WebAgency/Lists/BBS Contracts
1391;WebAS, AUT%CN-1391-BCS%01, Internet;;;Internet;various;WebCM;AUT#CN-1391-BCS#01;Asien / Pazifik;Marcel Knoll;Marcel Knoll;Element;sites/000185/WebAgency/Lists/BBS Contracts
0938;WebAS, AUT%CN-0938-BHC%02, Intranet;;;Intranet;various;WebCM;AUT#CN-0938-BHC#02;Asien / Pazifik;Marcel Knoll;Marcel Knoll;Element;sites/000185/WebAgency/Lists/BBS Contracts
0938;WebAS, AUT%CN-0938-BHC%01, Internet;10064890;;Internet;various;WebCM;AUT#CN-0938-BHC#01;Asien / Pazifik;Marcel Knoll;Marcel Knoll;Element;sites/000185/WebAgency/Lists/BBS Contracts
0882;WebAS, AUT%CN-0882-BHC%02, Intranet;10064891;;Intranet;various;WebCM;AUT#CN-0882-BHC#02;Asien / Pazifik;Marcel Knoll;Marcel Knoll;Element;sites/000185/WebAgency/Lists/BBS Contracts
0882;WebAS, AUT%CN-0882-BHC%01, Internet;10064890;;Internet;various;WebCM;AUT#CN-0882-BHC#01;Asien / Pazifik;Marcel Knoll;Marcel Knoll;Element;sites/000185/WebAgency/Lists/BBS Contracts
0164;WebAS, AUT%CL-0164-ROS-BAYER-CHILE%02, Intranet;;;Intranet;various;WebCM;AUT#CL-0164-ROS-BAYER-CHILE#02;Lateinamerika;Marcel Knoll;Marcel Knoll;Element;sites/000185/WebAgency/Lists/BBS Contracts
0164;WebAS, AUT%CL-0164-ROS-BAYER-CHILE%01, Internet;10064887;;Internet;various;WebCM;AUT#CL-0164-ROS-BAYER-CHILE#01;Lateinamerika;Marcel Knoll;Marcel Knoll;Element;sites/000185/WebAgency/Lists/BBS Contracts
1611;WebAS, AUT%CH-1611-BHC-BCC%01, Internet;10064763;40;Internet;various;WebCM;AUT#CH-1611-BHC-BCC#01;EMEA (ohne DE);Marcel Knoll;Stefanie Eickemeyer;Element;sites/000185/WebAgency/Lists/BBS Contracts
0201;WebAS, AUT%CH-0201-BHC%02, Intranet;10064881;;Intranet;various;WebCM;AUT#CH-0201-BHC#02;EMEA (ohne DE);Marcel Knoll;Marcel Knoll;Element;sites/000185/WebAgency/Lists/BBS Contracts
0201;WebAS, AUT%CH-0201-BHC%01, Internet;10064777;;Internet;various;WebCM;AUT#CH-0201-BHC#01;EMEA (ohne DE);Marcel Knoll;Marcel Knoll;Element;sites/000185/WebAgency/Lists/BBS Contracts
0393;WebAS, AUT%CA-0393-ROS-BAYER-INC%02, Intranet;;;Intranet;various;WebCM;AUT#CA-0393-ROS-BAYER-INC#02;Nordamerika;Marcel Knoll;Marcel Knoll;Element;sites/000185/WebAgency/Lists/BBS Contracts
0393;WebAS, AUT%CA-0393-ROS-BAYER-INC%01, Internet;10064879;;Internet;various;WebCM;AUT#CA-0393-ROS-BAYER-INC#01;Nordamerika;Marcel Knoll;Marcel Knoll;Element;sites/000185/WebAgency/Lists/BBS Contracts
1353;WebAS, AUT%BR-1353-BHC%02, Intranet;10064877;;Intranet;various;WebCM;AUT#BR-1353-BHC#02;Lateinamerika;Marcel Knoll;Marcel Knoll;Element;sites/000185/WebAgency/Lists/BBS Contracts
1353;WebAS, AUT%BR-1353-BHC%01, Internet;10064876;;Internet;various;WebCM;AUT#BR-1353-BHC#01;Lateinamerika;Marcel Knoll;Marcel Knoll;Element;sites/000185/WebAgency/Lists/BBS Contracts
0887;WebAS, AUT%BG-0887-ROS%02, Intranet;;;Intranet;various;WebCM;AUT#BG-0887-ROS#02;EMEA (ohne DE);Marcel Knoll;Marcel Knoll;Element;sites/000185/WebAgency/Lists/BBS Contracts
0887;WebAS, AUT%BG-0887-ROS%01, Internet;10064775;;Internet;various;WebCM;AUT#BG-0887-ROS#01;EMEA (ohne DE);Marcel Knoll;Marcel Knoll;Element;sites/000185/WebAgency/Lists/BBS Contracts
0063;WebAS, AUT%BE-0063-BMS%02, Intranet;;;Intranet;various;WebCM;AUT#BE-0063-BMS#02;EMEA (ohne DE);Marcel Knoll;Marcel Knoll;Element;sites/000185/WebAgency/Lists/BBS Contracts
0063;WebAS, AUT%BE-0063-BMS%01, Internet -->NL-0188;10064721;;Internet;various;WebCM;AUT#BE-0063-BMS#01, Internet -->NL;EMEA (ohne DE);Marcel Knoll;Marcel Knoll;Element;sites/000185/WebAgency/Lists/BBS Contracts
0157;WebAS, AUT%AU-0157-ROS-BAYER-AUSTRALIA-LTD%02, Intranet;;;Intranet;various;WebCM;AUT#AU-0157-ROS-BAYER-AUSTRALIA-LTD#02;#N/A;Marcel Knoll;Marcel Knoll;Element;sites/000185/WebAgency/Lists/BBS Contracts
0157;WebAS, AUT%AU-0157-ROS-BAYER-AUSTRALIA-LTD%01, Internet;10064870;;Internet;various;WebCM;AUT#AU-0157-ROS-BAYER-AUSTRALIA-LTD#01;#N/A;Marcel Knoll;Marcel Knoll;Element;sites/000185/WebAgency/Lists/BBS Contracts
0208;WebAS, AUT%AT-0208-BHC%02, Intranet;10064867;;Intranet;various;WebCM;AUT#AT-0208-BHC#02;#N/A;Marcel Knoll;Marcel Knoll;Element;sites/000185/WebAgency/Lists/BBS Contracts
0208;WebAS, AUT%AT-0208-BHC%01, Internet;10064866;;Internet;various;WebCM;AUT#AT-0208-BHC#01;#N/A;Marcel Knoll;Marcel Knoll;Element;sites/000185/WebAgency/Lists/BBS Contracts
0156;WebAS, AUT%AR-0156-ROS-BAYER-S-A%02, Intranet;;;Intranet;various;WebCM;AUT#AR-0156-ROS-BAYER-S-A#02;#N/A;Marcel Knoll;Marcel Knoll;Element;sites/000185/WebAgency/Lists/BBS Contracts
0156;WebAS, AUT%AR-0156-ROS-BAYER-S-A%01, Internet;10064863;;Internet;various;WebCM;AUT#AR-0156-ROS-BAYER-S-A#01;#N/A;Marcel Knoll;Marcel Knoll;Element;sites/000185/WebAgency/Lists/BBS Contracts
1707;WebAS, AUT%AE-1707-ROS%02, Intranet;10064861;;Intranet;various;WebCM;AUT#AE-1707-ROS#02;#N/A;Marcel Knoll;Marcel Knoll;Element;sites/000185/WebAgency/Lists/BBS Contracts
1707;WebAS, AUT%AE-1707-ROS%01, Internet;10064860;;Internet;various;WebCM;AUT#AE-1707-ROS#01;#N/A;Marcel Knoll;Marcel Knoll;Element;sites/000185/WebAgency/Lists/BBS Contracts
1251;- WPO Supplement 2017;10076627;23.5;Internet;;WebCM;EOUE00007740;;Marcel Knoll;Stefanie Eickemeyer;Element;sites/000185/WebAgency/Lists/BBS Contracts
1251;- WebCM Optimex adoptable framework;10077647;23,5;;;WebCM;EOUE00008901;;Marcel Knoll;Stefanie Eickemeyer;Element;sites/000185/WebAgency/Lists/BBS Contracts
2000;- WebCM Open Innovation Portal;10073722;40;;;WebCM;OLUE00003670;;Marcel Knoll;Stefanie Eickemeyer;Element;sites/000185/WebAgency/Lists/BBS Contracts
2001;- WebCM iWHC Summit Website development;10081407;40;;;WebCM;OLUE00004854;;Marcel Knoll;Stefanie Eickemeyer;Element;sites/000185/WebAgency/Lists/BBS Contracts
2001;- WebCM Amikacin Inhale - Predictive Analytics;10074506;40;;;WebCM;OLUE00003876;;Marcel Knoll;Stefanie Eickemeyer;Element;sites/000185/WebAgency/Lists/BBS Contracts
1707;- WebAS TS Master Template Priorin;10081024;40;;;WebCM;OLUE11009625;;Marcel Knoll;Stefanie Eickemeyer;Element;sites/000185/WebAgency/Lists/BBS Contracts
1251;- Wave 2 Google Analytics CH;10082422;23,5;;;WebCM;EOUE00028953;;Marcel Knoll;Stefanie Eickemeyer;Element;sites/000185/WebAgency/Lists/BBS Contracts
2001;- Transform EDM 2017;;;Internet;;WebCM;offen;;Stefanie Eickemeyer;Stefanie Eickemeyer;Element;sites/000185/WebAgency/Lists/BBS Contracts
1251;- Social media App framework for external collaboration;10079115;0;;;WebCM;O00SG-000940-A45;;Marcel Knoll;Stefanie Eickemeyer;Element;sites/000185/WebAgency/Lists/BBS Contracts
2001;- Regulatory Intelligence Alerts Migration;10080829;40;;;WebCM;OLUE00004629;;Marcel Knoll;Stefanie Eickemeyer;Element;sites/000185/WebAgency/Lists/BBS Contracts
2001;- Pharma Technology Scouting;10082395;40;;;WebCM;OLUE00005154;;Marcel Knoll;Stefanie Eickemeyer;Element;sites/000185/WebAgency/Lists/BBS Contracts
2001;- Newsroom App iOS 10 update;10078183;23,5;;;WebCM;EOUE00004440;;Marcel Knoll;Stefanie Eickemeyer;Element;sites/000185/WebAgency/Lists/BBS Contracts
1251;- MIRA-Webcup;10072445;23,5;;;WebCM;EOUE00007731;;Marcel Knoll;Stefanie Eickemeyer;Element;sites/000185/WebAgency/Lists/BBS Contracts
2001;- Marketing Website aboutbronchiectasis.com;10080075;40;;;WebCM;OLUE11007859;;Marcel Knoll;Stefanie Eickemeyer;Element;sites/000185/WebAgency/Lists/BBS Contracts
;- ITO MS APM-WebA-WPO 2017;10081902;0;;;WebCM;SG900GG00307;;Marcel Knoll;Stefanie Eickemeyer;Element;sites/000185/WebAgency/Lists/BBS Contracts
1251;- Google360 iMCM;10081858;23.5;;;WebCM;EOUE00028797;;Marcel Knoll;Marcel Knoll;Element;sites/000185/WebAgency/Lists/BBS Contracts
1611;- Google Tag Manager Top 5 France;10081842;40;Internet;various;WebCM;OLUE19001917;;Marcel Knoll;Stefanie Eickemeyer;Element;sites/000185/WebAgency/Lists/BBS Contracts
1251;- DNM Support;10082463;23,5;;;WebCM;EOUE00028968;;Marcel Knoll;Stefanie Eickemeyer;Element;sites/000185/WebAgency/Lists/BBS Contracts
1230;- DMEx Strategy External;;40;;;WebCM;OLUE00003306;;Marcel Knoll;Stefanie Eickemeyer;Element;sites/000185/WebAgency/Lists/BBS Contracts
1251;- Digital Hub Run;10082466;23,5;;;WebCM;EOUE00028965;;Marcel Knoll;Stefanie Eickemeyer;Element;sites/000185/WebAgency/Lists/BBS Contracts
1230;- Digital Hub Requirements Workshop;10082623;;;;WebCM;OLUE00005205;;Marcel Knoll;Stefanie Eickemeyer;Element;sites/000185/WebAgency/Lists/BBS Contracts
1251;- Consent tracking for Teamsite websites;10080564;0;;;WebCM;O00SG-407418-A1;;Marcel Knoll;Marcel Knoll;Element;sites/000185/WebAgency/Lists/BBS Contracts
1251;- CH Google Top 40 Implementation;10081839;23,5;;;WebCM;EOUE00028794;;Marcel Knoll;Stefanie Eickemeyer;Element;sites/000185/WebAgency/Lists/BBS Contracts
1611;- CH Brands Intranet 2017;;40;Intranet;various;WebCM;;EMEA (ohne DE);Marcel Knoll;Stefanie Eickemeyer;Element;sites/000185/WebAgency/Lists/BBS Contracts
2001;- CDA 2017;;;Internet;;WebCM;offen;;Stefanie Eickemeyer;Stefanie Eickemeyer;Element;sites/000185/WebAgency/Lists/BBS Contracts
1230;- BCS SEO (2016 Digital Marketing Excellence);;40;;;WebCM;OLUE00003306;;Marcel Knoll;Stefanie Eickemeyer;Element;sites/000185/WebAgency/Lists/BBS Contracts
1230;- BCS SC Hypercare (Travel MaS);;0;;;WebCM;EOUE00009900;;Marcel Knoll;Stefanie Eickemeyer;Element;sites/000185/WebAgency/Lists/BBS Contracts
1230;- BCS SC Hypercare;;23.5;;;WebCM;EOUE00009900;;Marcel Knoll;Marcel Knoll;Element;sites/000185/WebAgency/Lists/BBS Contracts
1582;- Animal Health (Travell MaS);;0;;;WebCM;ENUE00005241;;Marcel Knoll;Stefanie Eickemeyer;Element;sites/000185/WebAgency/Lists/BBS Contracts
2001;- AIROS 2017;10082396;40;;;WebCM;OLUE00005163;;Marcel Knoll;Stefanie Eickemeyer;Element;sites/000185/WebAgency/Lists/BBS Contracts
2001;- 2017 Ventavis Digital Consulting;10081187;40;Internet;Ventavis;WebCM;OLUE00004779;;Stefanie Eickemeyer;Stefanie Eickemeyer;Element;sites/000185/WebAgency/Lists/BBS Contracts
1251;- 2017 Cross SM Digital Hub Enhancement;10082065;23.5;;;WebCM;EOUE00028851;;Marcel Knoll;Marcel Knoll;Element;sites/000185/WebAgency/Lists/BBS Contracts
